기업,기사발행일,기사제목,뉴스기사본문
(주)천보,2020.12.17. 오전 9:55,[특징주] '2차전지 관련주' 천보 상승세… 6%↑,"사진=천보

천보가 장 초반 상승세다.

17일 오전 9시52분 기준 천보는 전 거래일 대비 5.68%(1만원) 오른 18만6000원에 거래되고 있다.

천보는 2차전지의 수명과 성능에 영향을 미치는 특수 전해질을 생산한다. 이에 2차전지 관련 종목으로 편입됐다.

김신혜 기자 shinhye1@mt.co.kr

▶뜨거운 증시, 오늘의 특징주는? ▶거품 뺀 솔직 시승기
▶머니S, 네이버 메인에서 보세요

<저작권자 ⓒ '성공을 꿈꾸는 사람들의 경제 뉴스' 머니S, 무단전재 및 재배포 금지>"
(주)천보,2020.09.21. 오전 9:31,"[특징주] 천보, 증권가 장밋빛 전망 속 52주 신고가 경신","[서울경제] 전해질 생산업체 천보(278280)가 증권가 애널리스트들의 긍정적인 전망 속에 21일 52주 신고가를 경신했다.

한국거래소에 따르면 천보는 이날 9시 30분 현재 전 거래일 대비 1만 5,800원(8.71%) 상승한 19만7,300원에 거래되고 있다. 천보는 이날 장 초반 20만 6,700원까지 올라 52주 신고가인 18만 1,500원을 경신했다.

천보는 올 들어 전기차 배터리 시장의 핵심 수혜주로 꼽히며 증권가의 주목을 받아왔다. 여기다 최근 정부가 한국판 뉴딜 정책 추진을 발표하며 ‘뉴딜 수혜주’로도 각광 받았다. 특히 최근 생산시설 증설 계획을 발표하며 증권가 애널리스트들의 ‘매수’ 리포트가 잇따라 발행됐다. 오강호 신한금융투자 연구원은 “생산능력 증설로 성장 스토리가 이어질 것”이라며 매년 매출액이 큰 폭으로 증가하리라고 분석했다. 김광진 유안타증권 연구원 역시 “천보는 현재 연간 1560톤 수준의 생산능력을 내년 4000톤, 2022년 말까지 1만2000톤으로 확대할 계획”이라며 “공격적 증설 계획과 함께 매출은 올해 1630억원, 내년 2627억원, 2022년 3618억원으로 급성장할 것”이라고 전망했다.

/김경미기자 kmkim@sedaily.com

[서울경제 바로가기]
▶ 그 날, 무슨일이 있었던걸까 [범죄의 재구성]
▶ 네이버 채널에서 '서울경제' 구독해주세요!


저작권자 ⓒ 서울경제, 무단 전재 및 재배포 금지"
(주)천보,2020.09.21. 오전 10:56,"[TF특징주] 2차전지 관련주 '천보', 성장 기대감에 강세","21일 오전 10시 40분 현재 천보는 전일대비 1만6200원(+8.93%) 오른 19만7700원에 거래 중이다. 천보는 한때 장중 20만6700원까지 올라 52주 신고가를 새로 쓰기도 했다. /더팩트 DB


천보, 8.93% 오른 19만7700원에 거래 중

[더팩트ㅣ박경현 기자] 세계 최초로 전해액 첨가제인 리튬이온전해질(LiFSi) 생산에 성공한 회사 천보가 오전 중 상승하고 있다.

21일 오전 10시 40분 현재 천보는 전일대비 1만6200원(+8.93%) 오른 19만7700원에 거래 중이다. 천보는 이날 장중 20만6700원까지 올라 52주 신고가를 경신하기도 했다.

이날 적극적인 투자를 통해 생산능력이 확대되면 성장이 기대된다는 증권가 예상이 이어지자 천보가 상승을 이어가다가 장중 52주 신고가까지 도달했다.

천보는 2차 전지에 사용되는 전해액 구성물질 생산 업체인 만큼 2차전지 시장 부각과 함께 성장이 기대되는 업체로 꼽힌다.

오강호 신한금융투자 연구원은 ""천보가 생산하는 P전해질(LiPO2F2)은 지난해 360톤을 넘어 올해 540톤, 내년 2000톤까지 증설 예정""이라며 ""P는 범용화 제품으로서 수명향상과 충전 시간 단축에 효과적이다""고 설명했다. 또한 고출력 배터리에 사용되는 F전해질에 대해서도 ""완성차 업체 사용이 가능한 만큼 내년 1000톤까지 생산 능력을 확대할 예정""이라고 말했다.

오 연구원은 또한 ""공격적인 증설, 전해액 첨가제 부문 독보적인 기술력이 돋보인다""며 ""2분기가 저점으로 실적 반등이 확실하다""고 전망했다.

pkh@tf.co.kr



- TMA 티켓 얻는 방법? [팬버십 가입하기▶]
- 내 아이돌 응원하기 [팬앤스타▶]

저작권자 ⓒ 특종에 강한 더팩트 & tf.co.kr 무단 전재 및 재배포 금지"
(주)천보,2020.09.21. 오전 9:43,"[특징주] 천보, 투자 확대에 11% 급등","천보 로고
천보가 투자 확대로 성장이 기대되면서 급등했다.

천보는 21일 오전 9시 26분 기준 전거래일 대비 11.35%(2만600원)올라 20만2100원으로 거래되고 있다.

천보는 공격적으로 생산CAPA(capacity)를 증설하고 전해액 첨가제 부문에서 독보적인 기술력을 확보했다고 밝혔다. 생산CAPA란 각 사업장마다 1년에 생산할 수 있는 생산능력을 의미한다. 또 2차전지의 수명 및 성능 향상에 효과적인 전해액 첨가제도 세계 최대 품목을 보유 중인 것으로 알려졌다. 천보는 2차전지 시장 패러다임 변화에 따라 신제품 개발을 병행하고 있다.

천보는 P전해질을 증설할 예정으로 이로 인해 매출액이 2020년 362억원에서 2021년 1026억원으로 증가할 것으로 예상했다. 특히 전문가들은 P전해질(LiPO2F2)은 범용화 제품으로써 수명 향상과 충전 시간 단축에 효과적이라고 밝혔다. 이어 F(LIPO2F2)전해질은 고출력 배터리에 사용되며 낮은 온도에서 방전 억제에 효과적이라는 사실 때문에 앞으로 완성차 업체에서의 사용이 기대되고 있다고 언급했다. 천보는 F전해질의 생산능력을 내년 1000톤까지 확대할 예정이다.

천보는 화학 물질 및 제품 제조업체로 디스플레이 소재, 반도체 공정소재, 2차전지소재, 의약품 중간체 및 정밀화학의 사업분야를 영위하고 있다. 식각액 첨가제인 아미노테트라졸은 국내 점유율 1위, 세계 점유율 1위를 기록하고 있다.

서지민 기자 jerry0206@mt.co.kr

▶고수들의 재테크 비법 영상
▶거품 뺀 솔직 시승기 ▶머니S기사, 네이버 메인에서 보세요

<저작권자 ⓒ '성공을 꿈꾸는 사람들의 경제 뉴스' 머니S, 무단전재 및 재배포 금지>"
(주)천보,2020.08.28. 오전 9:47,"[특징주]천보, 52주 신고가…배터리 수요 증가 기대","[이데일리 박정수 기자] 천보(278280)가 52주 신고가를 경신했다. 배터리 수요 증가에 하반기 호실적이 기대된다는 증권사 분석이 긍정적 영향을 미치는 것으로 풀이된다.

28일 마켓포인트에 따르면 천보는 오전 9시 45분 현재 전 거래일보다 3.07%(4800원) 오른 16만1100원에 거래되고 있다. 장중 16만5000원까지 치솟아 52주 신고가를 갈아치웠다.

오강호 신한금융투자 연구원은 “천보의 3분기 매출액은 467억원으로 전년 동기 대비 35%증가하고 영업이익은 87억원으로 같은 기간 42% 늘어날 것”이라며 “고객사 수요(2차전지, 전자소재) 회복으로 실적 반등이 예상된다”고 설명했다.

오 연구원은 “3분기 배터리 매출액이 265억원으로 지난해 같은 때보다 110% 증가할 것으로 기대된다”며 “제품별로는 3분기부터 P, F 전해질 증설 완료로 가동을 시작했다. 영업이익률은 18.7%로 전년 동기 대비 0.9%포인트 늘어날 것”이라고 예상했다.

특히 그는 “2차전지 중소형 업체의 밸류에이션 상승 구간, 하반기 전자소재 부문 수익성 회복 기대 등으로 천보는 2분기 실적 저점 이후 반등이 확실하다”고 강조했다.

박정수 (ppjs@edaily.co.kr)

▶ #24시간 빠른 #미리보는 뉴스 #eNews+
▶ 네이버에서 '이데일리 뉴스'를 만나보세요
▶ 빡침해소, 청춘뉘우스 '스냅타임'


＜ⓒ종합 경제정보 미디어 이데일리 - 무단전재 & 재배포 금지＞"
(주)천보,2020.07.31. 오전 9:42,"[특징주] 천보, 설비 투자 계획 발표에 10%↑","사진=천보
천보가 대규모 생산능력 증설 공시에 장 초반 상승세다.

31일 천보는 전 거래일보다 10%(1만400원) 상승한 11만4400원에 거래되고 있다.

앞서 30일 천보는 대규모 설비 투자 계획을 공시했다. 2023년까지 총 1500억원을 투자해 2차 전지 관련 제품의 생산능력을 기존 대비 3배 이상 수준인 6000t까지 추가 확대한다는 내용이다.

증권가는 천보의 설비 투자 계획을 긍정적으로 보고 있다. 이번 투자 계획과 관련해 김정환 한국투자증권 연구원은 ""향후 생산능력 증가 속도가 소재 업체 중 가장 빠르지만 계획이 비현실적이지 않은 이유는 천보가 다른 2차전지 소재 업체와 달리 다수의 제품을 다수의 고객사에 공급하는 동시에 전기차용 2차전지 시장이 빠르게 커지고 있기 때문이다""고 분석했다.

윤경진 기자 youn1@mt.co.kr

▶ 고수들의 재테크 비법 영상
▶거품 뺀 솔직 시승기 ▶ 코로나19 속보

<저작권자 ⓒ '성공을 꿈꾸는 사람들의 경제 뉴스' 머니S, 무단전재 및 재배포 금지>"
(주)천보,2020.07.30. 오후 5:42,"[특징주] 천보, 전기차용 배터리 시설 투자 공시에 12%↑ 마감","사진=천보
천보가 부진한 실적에도 시설 투자 공시가 호재로 작용해 급등 마감했다.

30일 천보는 전 거래일보다 12.43%(1만1500원) 상승한 10만4000원에 장을 마감했다.

천보는 연결 기준 올해 2분기 영업이익이 63억원으로 작년 같은 기간보다 7% 감소했다고 이날 발표했다. 매출은 337억원으로 작년 같은 기간보다 0.8% 증가했고 순이익은 50억원으로 17% 감소했다.

천보는 전기자동차(EV) 배터리용 전해액 첨가제 공급 물량 확대를 위한 시설 투자를 한다고 공시했다. 1차 투자와 2차 투자를 종합해 총 1510억원 규모로 공사예정 기간은 올해 8월부터 2021년 12월까지다.


윤경진 기자 youn1@mt.co.kr

▶ 고수들의 재테크 비법 영상
▶거품 뺀 솔직 시승기 ▶ 코로나19 속보

<저작권자 ⓒ '성공을 꿈꾸는 사람들의 경제 뉴스' 머니S, 무단전재 및 재배포 금지>"
(주)천보,2020.05.30. 오전 8:01,"'사상 최고가' 천보, 전기차 모멘텀 타고 '훨훨'","글로벌 경기 둔화에도 전기차주 상승세. 천보 상장 후 최고가(9만7900원) 경신

[파이낸셜뉴스] 코스닥 배터리 소재주 천보가 전기차 모멘텀에 힘입어 상장 후 사상 최고가(9만7900원)을 경신했다. 시가총액은 9000억원을 넘어서며 증시 입성 1년3개월여만에 상위 기업에 이름을 올렸다.

30일 한국거래소에 따르면 천보의 주가는 지난 28일 장중 9만7900원까지 거래되며 사상 최고가를 경신했다. 지난 3월 중순 저점(3만6500원) 대비 상승률은 168%에 달한다.

전일 종가 기준 주가는 9만3800원으로 소폭 하락했지만 수급은 양호하다. 개인은 지난 26일부터 천보의 주식을 4거래일 연속 100억원 넘게 사들였다. 외국인 투자자는 28일 하루에만 약 70억원의 매수 우위를 보였고 전날에도 30억원을 추가 매입했다.

신종 코로나바이러스 감염증(코로나19) 확산으로 인한 글로벌 경기 둔화에도 중국, 미국 등에서 경제 재개 움직임이 나오며 전기차 시장에 기대감이 나오고 있다. 테슬라의 경우 중국 판매량이 판가 인하 이후 강하게 올라올 것으로 예상된다. 유럽에서도 올해 여름 'ID3' 출고 등으로 전기차 판매량이 빠르게 증가할 전망이다.

천보의 차세대 전해질 첨가제는 기술적 진입 장벽이 높은 고부가가치 제품으로 알려져 있다. 천보의 제품이 배터리 에너지 밀도를 높이기 위해 양극재나 음극재를 바꿀 때 나타나는 수명 저하 등의 문제를 보완해 주기 때문이다.

박연주 미래에셋대우 연구원은 ""전기차 시장의 성장이 빨라지고 테슬라가 기술 혁신을 서두르면서 산업 전반적으로 배터리 기술 발전이 빨라지고 있다""며 ""이 과정에서 배터리 가격은 예상보다 빠르게 하락할 것으로 예상되고 전기차의 시장 침투 속도는 2022~2023년경부터 급격히 확대될 것""이라고 전망했다.

천보의 실적 성장세도 상승 요인으로 지목된다. 에프앤가이드에 따르면 천보의 올해 2·4분기 연결기준 예상 영업이익은 76억원으로 전년동기 대비 11.76% 상승할 전망이다. 같은 기간 매출액은 395억원을 18.26% 증가할 것으로 예상됐다. 연간 기준으로 보면 천보의 올해 매출액과 영업이익은 1831억원, 361억원으로 전년 대비 각각 35.33%, 32.72% 증가할 전망이다.

한병화 유진투자증권 연구원은 ""천보의 1·4분기 배터리 전해액 첨가제 매출액은 173억원으로 전년 동기 130억원 대비 33% 증가했다""며 ""2·4분기 코로나19 영향으로 고객사들의 발주가 주춤하겠지만 하반기부터는 글로벌 전기차 생산의 고성장이 재개되면서 배터리 소재 매출이 큰 폭으로 성장할 것""이라고 내다봤다.

dschoi@fnnews.com 최두선 기자

▶ 헉! 소리나는 스!토리 뉴스 [헉스]
▶ '아는 척'하고 싶은 당신을 위한 [두유노우]

※ 저작권자 ⓒ 파이낸셜뉴스. 무단 전재-재배포 금지"
(주)천보,2020.11.06. 오전 9:19,美 대선 승리 임박한 바이든…2차전지株도 연일 '강세',"[머니투데이 김영상 기자] [[특징주]]

6일 서울 용산구 서울역에서 시민들이 미국 대선 관련 뉴스를 시청하고 있다. /사진=뉴시스

조 바이든 후보의 미국 대통령 당선이 확실시되면서 국내 2차전지 관련주도 연일 상승세다. 친환경 육성을 내세운 바이든 후보가 당선될 경우 수혜를 볼 수 있다는 기대감이 몰린 것으로 해석된다.

6일 오전 9시10분 현재 LG화학은 전날보다 3.69%(2만5000원) 오른 70만2000원에 거래되고 있다. 전날(4.15%)에 이어 이틀 연속 상승세다. 종가 기준으로 9월 15일 이후 처음으로 70만원선에 올라섰다.

삼성SDI와 SK이노베이션도 각각 1.65%, 3.26% 오른 49만2000원과 14만2500원에 거래되고 있다. 두 종목 역시 전날에도 각각 5.33%, 4.55% 올랐다.

그동안 바이든 후보가 당선되면 친환경 산업 기대감을 바탕으로 2차전지 관련 기업이 수혜를 입을 것이라는 전망이 나왔다. 일부 지역에서 개표가 지연되고 있지만 바이든 후보가 트럼프 대통령을 꺾은 것으로 전망되면서 세 종목이 상승세를 타고 있다.

같은 시간 2차전지 관련주인 천보 2.71%, 포스코케미칼 4.13% 등도 함께 오르고 있다

바이든 후보는 미시간과 위스콘신 주에서 사실상 역전승을 거두며 총 253명의 선거인단을 확보했다. '매직넘버'인 270명까지 불과 17명만을 남겨뒀다.

김영상 기자 video@mt.co.kr

▶부동산 투자는 [부릿지]
▶조 변호사의 가정상담소
▶줄리아 투자노트

<저작권자 ⓒ '돈이 보이는 리얼타임 뉴스' 머니투데이, 무단전재 및 재배포 금지>"
(주)천보,2020.08.31. 오전 6:57,[김대성의 종목분석] 주가가 올들어 2배 이상 오른 종목들을 살펴보면?,"코로나19 수혜주와 2차전지 관련주의 주가 상승률 두드러져
씨젠 주가 상승률 696%로 1위…2차전지 관련주 4종목 달해
◆…8월 28일 현재 시가총액 상위 순. 자료=한국거래소


코로나19로 전례 없던 타격을 받은 올해 주식시장에는 주가가 크게 떨어진 종목도 있지만 연초보다 주가가 2배 이상 급등한 종목도 눈에 띄고 있습니다.

올해 주식시장은 연초인 1월 2일 2175.17에서 3월 19일에는 연중 최저가인 1439.43까지 33.8% 급락했습니다. 그후 V자형 급등 모습을 보이며 8월 28일에는 2353.80으로 연초보다 8.2% 상승해 있는 상태입니다.

조세일보가 상장된 시가총액 상위 종목들의 28일 종가를 기준으로 주가 상승률을 조사한 결과, 10개 종목의 평균 상승률은 231.7%에 달하는 것으로 나타났습니다.

코로나19 진단키트 제조업체인 씨젠과 바이오기업인 알테오젠의 높은 주가 상승률이 평균 주가 상승률을 끌어올린 것으로 풀이됩니다.

이들 기업들의 주가 상승률은 삼성전자의 주가가 연초인 1월 2일 5만5200원에서 28일 5만5400원으로 0.4%(200원) 오른 것과 비교하면 코로나19를 전화위복으로 삼아 주가가 크게 오른 셈입니다.

올들어 주가가 2배 이상 급등한 시가총액 상위 기업 가운데 LG화학은 주가가 연초인 1월 2일 31만4000원에서 28일 75만9000원으로 141.7% 상승했습니다. 2차전지 관련주이며 실적 호조로 투자자들의 관심을 끈 것으로 보입니다.

카카오는 주가가 연초인 1월 2일 15만2500원에서 28일 40만5500원으로 165.9% 급등했습니다. 언택트 관련주로 주가가 뛰어 올랐고 카카오게임즈의 IPO(기업공개) 등이 호재로 작용한 것으로 보입니다.

삼성SDI도 2차전지 관련주로 분류되면서 주가가 2배 넘게 올랐습니다. 삼성SDI의 28일 주가는 46만6000원으로 연초보다 100.9% 오른 수준입니다.

◆…씨젠의 최근 1년여간 주가 변동 추이. 캡처=키움증권


코로나19 진단키트 제조업체인 씨젠은 올들어 가장 높은 주가 상승률을 나타냈습니다. 씨젠의 주가는 28일 24만6300원으로 연초인 3만950원보다 695.8% 급증해 시가총액 상위기업으로 상승률 1위를 기록했습니다.

씨젠의 시가총액 또한 큰 폭으로 불어나면서 28일 6조4604억원 규모에 달했고 코스닥 시가총액 2위 기업으로 자리굳힘을 하고 있습니다.

바이오기업인 알테오젠은 이날 주가가 18만4100원으로 연초인 3만4900원보다 427.5% 급상승했고 씨젠에 이어 상승률 2위를 나타내고 있습니다.

신약연구개발업체인 제넥신은 28일 주가가 17만3200원으로 연초인 6만2700원에 비해 176.2% 올랐습니다. 시가총액은 4조1984억원 규모입니다.

2차전지 관련주로 분류되는 에코프로비엠은 이날 주가가 15만6300원으로 연초보다 194.9% 급등했고 2차전지 관련주인 천보 또한 주가가 16만3800원으로 연초에 비해 158.8% 상승했습니다.

녹십자의 28일 주가는 26만4000원으로 연초인 1월 2일의 13만1000원에 비해 101.5% 올랐고 바이오기업인 파미셀의 주가는 이날 2만1950원으로 연초인 8660원보다 153.5% 뛰었습니다.

올들어 큰 폭의 주가 상승률을 보인 기업들은 코로나19 수혜주인 바이오기업과 진단키트업체, 그리고 2차전지 관련주가 대부분을 차지하고 있습니다.

증권가에서는 2차전지 관련주와 코로나19 수혜기업들의 실적이 큰 폭으로 증가하고 있고 테마주로 각광받으면서 투자자들의 쏠림 현상이 계속되고 있어 상당기간 이들 기업들이 시장을 주도할 것으로 내다보고 있습니다.

▶ 조세일보 홈페이지 / 정회원 가입
▶ 조세일보 네이버 뉴스스탠드 구독(종합/경제)

김대성(kimds@joseilbo.com)

저작권자 ⓒ 조세일보(http://www.joseilbo.com). 무단전재 및 재배포 금지"
(주)비덴트,2020.12.10. 오전 9:23,"[특징주] 비덴트, 오전 중 상승세… 4%↑","사진=비덴트

비덴트가 오전 중 상승세다.

10일 오전 9시14분 기준 비덴트는 전일 대비 3.62%(320원) 오른 9150원에 거래 중이다.

비덴트는 가상화폐 거래소 빗썸의 최대주주인 빗썸홀딩스의 지분을 보유하고 있어 가상화폐 관련주로 편입된 바 있다.

김신혜 기자 shinhye1@mt.co.kr

▶뜨거운 증시, 오늘의 특징주는? ▶거품 뺀 솔직 시승기
▶머니S, 네이버 메인에서 보세요

<저작권자 ⓒ '성공을 꿈꾸는 사람들의 경제 뉴스' 머니S, 무단전재 및 재배포 금지>"
(주)비덴트,2020.02.04. 오후 2:54,[특징주]비덴트 외인·기관 매도세에 10%대 급락,"[아시아경제 박지환 기자]비덴트가 외인과 기관의 매도세에 크게 하락하고 있다.

이날 오후 2시39분 기준 비덴트는 전 거래일 대비 12.65% 하락한 6770원에 거래 중이다.

이 시각 수급별로는 외국인과 기관이 각각 2378억원, 1301억원 순매도했다.

비덴트에 대한 외국인과 기관의 수급은 최근 분명한 매도세다.

비덴트의 최근 1달간 외국인, 기관 매매내역을 살펴보면 외국인은 72만2391주를, 기관은 18만2264주를 순매도했다.

박지환 기자 pjhyj@asiae.co.kr

▶ 2020년 신년운세·사주·무료 토정비결 보러가기
▶ 네이버에서 아시아경제 뉴스를 확인하세요. ▶ 놀 준비 되었다면 드루와! 드링킷!

<ⓒ경제를 보는 눈, 세계를 보는 창 아시아경제 무단전재 배포금지>"
(주)클래시스,2020.02.06. 오전 10:37,"[특징주]클래시스, 사상 최대 실적 기록에 강세","[이데일리 박태진 기자] 클래시스(214150)가 지난해 사상 최대 실적을 기록했다는 소식에 상승세를 나타내고 있다.

마켓포인트에 따르면 6일 오전 10시 34분 현재 클래시스 주가는 전일 대비 5.02% 오른 1만4650원에 거래되고 있다.

이 업체는 전날 공시를 통해 지난해 잠정 매출액은 811억원으로 전년 대비 71% 증가했고, 영업이익은 417억원으로 전년 대비 138% 늘었다고 밝혔다. 영업이익률은 51.3%를 기록했다.

회사 측은 “대표 제품인 슈링크가 국내 미용의료시장의 대중화를 이끌고, 해외시장에서는 인지도가 확산하면서 외형 성장에 따른 이익 증가가 가속화되고 있다”고 분석했다.

박태진 (tjpark@edaily.co.kr)

네이버 홈에서 ‘이데일리’ 뉴스 [구독하기▶]
꿀잼가득 [영상보기▶] , 청춘뉘우스~ [스냅타임▶]


＜ⓒ종합 경제정보 미디어 이데일리 - 무단전재 & 재배포 금지＞"
(주)파크시스템스,2020.12.29. 오전 10:20,"[특징주]파크시스템스, 52주 신고가…반도체 미세화 핵심 수혜주 부각","[이데일리 박정수 기자] 파크시스템스(140860)가 반도체 미세화 핵심 수혜주로 부각되면서 강세를 보인다.

29일 마켓포인트에 따르면 오전 10시18분 현재 파크시스템스는 전 거래일보다 11.13%(8900원) 오른 8만8900원에 거래되고 있다. 장중 8만9100원까지 치솟아 52주 신고가를 경신했다.

업계에서는 내년 반도체 시장이 극자외선(EUV) 공정을 도입한 차세대 D램 출시로 시장판도에 변화를 줄 것으로 예상한다.

EUV 공정은 반도체 포토 공정에서 극자외선 파장의 광원을 사용하는 것이다. 기존 불화아르곤(ArF)의 광원보다 파장의 길이가 짧아 반도체에 미세 회로 패턴을 구현할 때 유리하다.

특히 고성능 D램 생산을 위해 칩 크기를 줄여 집적도를 높여야 하는 기존 방식에 한계가 오면서 EUV 기술 도입이 자리 잡는 분위기다.

한동희 키움증권 연구원은 “파크시스템스는 2021년부터 국내 반도체향 원자현미경 시장 개화까지 오버랩되며 성장률 체증 사이클에 진입할 것”이라며 “특히 글로벌 반도체 미세화 수혜주로의 리레이팅을 기대하고 있다”고 설명했다.

박정수 (ppjs@edaily.co.kr)

▶ #24시간 빠른 #미리보는 뉴스 #eNews+
▶ 네이버에서 '이데일리 뉴스'를 만나보세요
▶ 빡침해소, 청춘뉘우스 '스냅타임'


＜ⓒ종합 경제정보 미디어 이데일리 - 무단전재 & 재배포 금지＞"
(주)네패스,2020.12.30. 오전 11:32,"[특징주] 네패스, 52주 신고가 경신… 19%↑","사진=네패스
네패스가 30일 오전 52주 신고가를 경신하는 등 강세다.

이날 오전 11시26분 기준 네패스는 전일 대비 19%(6650원) 오른 4만1650원에 거래되고 있다.

네패스는 지난 18일 사세 확장에 따른 직원숙소를 확보하기 위한 기숙사 시설에 300억원을 투자하기로 했다고 공시한 바 있다.


김신혜 기자 shinhye1@mt.co.kr

▶뜨거운 증시, 오늘의 특징주는? ▶거품 뺀 솔직 시승기
▶머니S, 네이버 메인에서 보세요

<저작권자 ⓒ '성공을 꿈꾸는 사람들의 경제 뉴스' 머니S, 무단전재 및 재배포 금지>"
(주)네패스,2020.12.01. 오전 9:38,"[특징주]네패스아크, 신규 테스트 설비 투자에 ‘강세’","[이데일리 유준하 기자] 네패스아크(330860)가 140억원 규모 팬아웃 패널 레벨패키지(FOPLP) 테스트 설비 신규 투자를 결정했다는 소식에 ‘강세’다.

1일 마켓포인트에 따르면 오전 9시34분 기준 네패스아크 주가는 전 거래일 대비 3.73%(1450원) 오른 4만350원을 기록 중이다.

회사는 지난 30일 140억원 규모 FOPLP Test 설비 신규 투자를 결정했다고 공시했다. 이는 자기자본대비 15.24% 규모이며 투자기간은 다음달 1일부터 내년 6월 30일까지다.

유준하 (xylitol@edaily.co.kr)

▶ #24시간 빠른 #미리보는 뉴스 #eNews+
▶ 네이버에서 '이데일리 뉴스'를 만나보세요
▶ 빡침해소, 청춘뉘우스 '스냅타임'


＜ⓒ종합 경제정보 미디어 이데일리 - 무단전재 & 재배포 금지＞"
(주)네패스,2020.11.15. 오전 6:06,다음주 네패스아크·고바이오랩·티앤엘 코스닥 상장,"하나기술·제일전기 공모 청약
[서울=뉴시스] 유자비 기자 = 다가오는 주 네패스아크, 고바이오랩, 티앤엘이 코스닥 시장에 상장한다. 이외에 코스닥 상장 예정인 하나기술, 제일전기공업의 공모 청약이 예정돼 있다.

15일 금융투자업계에 따르면 시스템 반도체 후공정 업체 네패스아크는 오는 17일 코스닥 시장에 상장할 예정이다. 네패스아크는 지난 9~10일 진행된 일반투자자 공모 청약에서 경쟁률 830.21대1을 기록했다. 공모가는 2만6500원이다.

마이크로바이옴 신약 개발 회사 고바이오랩의 코스닥 시장 상장일은 18일이다. 앞서 고바이오랩은 기관투자자 대상 수요예측에서 공모가를 1만5000원으로 확정했디. 19~20일 진행된 일반투자자 대상 공모 청약에서 경쟁률은 547대1을 기록했다.

오는 20일에는 고기능성 의료용 소재 전문기업 티앤엘의 코스닥 상장이 예정돼 있다. 티앤엘은 기관투자자를 대상으로 수요예측을 진행한 결과 3만6000원에 공모가를 확정했다.

코스닥 시장 상장을 추진 중인 2차전지 양산 장비 전문 기업 하나기술은 지난 13일에 이어 16일 일반투자자 청약을 진행한다. 역시 코스닥 상장 예정인 배선기구 제조업체 제일전기공업은 17~18일 일반투자자 청약에 나선다. 하나기술과 제일전기공업은 각각 25일, 26일 상장 예정이다.

☞공감언론 뉴시스 jabiu@newsis.com

▶ 네이버에서 뉴시스 구독하기
▶ K-Artpark, 미술품 구매의 즐거운 시작
▶ 뉴시스 빅데이터 MSI 주가시세표 바로가기

<ⓒ 공감언론 뉴시스통신사. 무단전재-재배포 금지>"
(주)네패스,2020.03.05. 오후 2:06,"[특징주]'반도체 관련주' 네패스, 강세 유지","비메모리 반도체 패키징 사업을 영위하는 네패스가 강세다.

5일 오후 2시 현재, 네패스는 전일대비 8.52%(2850원) 상승한 3만6300원에 거래되고 있다.

이날 네패스는 장중 한때 3만3000원(-1.35%)까지 하락했지만 다시 회복세를 보이며 상승 중이다.

김정훈 기자 kjhnpce1@mt.co.kr

▶ 고수들의 재테크 비법 영상
▶ 이건희칼럼 ▶ 코로나19 속보

<저작권자 ⓒ '성공을 꿈꾸는 사람들의 경제 뉴스' 머니S, 무단전재 및 재배포 금지>"
(주)네패스,2020.02.20. 오후 4:01,"산은, 설비투자붐업 첫 대출 실시","[서울경제] KDB산업은행이 ‘설비투자 붐업’프로그램으로 국내 시스템반도체 후공정 기업 (주)네패스아크에 처음으로 150억원을 초저금리로 대출해줬다고 20일 밝혔다.

프로그램은 정부가 2020년 경제정책방향에서 발표한 것으로 중소·중견기업의 신규 설비투자를 촉진하기 위한 것이다. 기존 대출상품보다 금리가 1~1.8%포인트 낮은 연 1.5%로 대출을 해준다. 네패스아크는 시스템 반도체 테스트 수요에 대응하기 위해 설비를 확장해 왔으며 이번 대출로 더 활발한 투자가 가능할 것으로 산은은 기대했다.

산은의 한 관계자는 “이번 건 외에도 다수의 기업들이 상품에 관심을 갖고 상담을 진행 중”이라며 “7~8개 기업에 대해 지원을 검토하고 있어 앞으로 지원 규모는 계속 늘어날 것”이라고 강조했다. 또 “이번 프로그램으로 일본 수출 규제 이후 국가적인 과제로 진행 중인 소재·부품·장비 산업의 경쟁력 강화 뿐만 아니라 기업 설비투자 확대를 통한 경제 활성화에 기여할 것”이라고 덧붙였다.

산은은 총 2원 규모의 프로그램을 가동 중이며 업체당 최대 1,000억원까지 저리대출을 해준다. 공장부지 등을 구매하거나 분양 받은 기업의 시설투자, 해외 시설의 국내 이전에 따른 시설투자, 소재부품장비 사업에 대한 시설투자 등이 지원 대상이다.

/이태규기자 classic@sedaily.com

[서울경제 바로가기]
▶ '한 눈에 쏙' 새로워진 서울경제 모바일 페이지를 만나보세요. GO~
▶ 네이버 채널에서 '서울경제' 채널 구독해주세요!


저작권자 ⓒ 서울경제, 무단 전재 및 재배포 금지"
(주)네패스,2020.01.20. 오전 11:32,국민연금도 ‘반도체·디스플레이 소부장’ 품었다,"국민연금이 지난해 하반기에 반도체·디스플레이 분야 소재·부품·장비(소·부·장) 기업 주식을 대거 사들인 것으로 나타났다. 일본 수출규제 이후 국산화를 주도할 기술력을 갖춘 기업들이 각광을 받으면서 국민연금도 투자에 나선 것 아니냐는 관측이 나온다.

17일 금융감독원 전자공시시스템을 통해 일본이 수출규제를 단행한 지난해 7월 4일부터 연말까지 국민연금이 지분을 사고 판 기업을 살펴본 결과, 전기전자·자동차·화학 분야 주요 소·부·장 기업은 52개에 달했다.

이 가운데 가장 많은 비중을 차지하는 것은 일본 수출규제의 주요 타깃인 반도체 관련주였다. 반도체·디스플레이 포토 공정의 핵심인 포토레지스트(감광액) 생산업체인 동진쎄미켐이 대표적이다. 국민연금은 상반기까지만 해도 지분 5% 미만을 보유해 공시를 하지 않았다가, 9월 23일에 5.08% 취득을 알렸고 10월 23일에는 6.17%까지 지분을 늘렸다.

반도체 검사장비인 유진테스트(5.37%)와 유진테크(5.01%), 반도체 제조용 화학소재업체 와이엠티(5.08%) 등도 지분을 5% 이상으로 확대했다. 12월에는 메모리반도체 장비업체 테스(5.06%)와 피에스케이(6.33%), 반도체 레이저마커 제조업체 이오테크닉스(5.02%) 등이 신규 공시 대상이 됐다.

비메모리반도체 후공정 업체로 올해까지 주가 상승세가 이어진 테스나의 지분은 7.20%에서 7.33%로 늘린 상태다. 에칭가스 등 반도체용 특수가스 국산화에 나선 SK커티리얼즈(5.01%→6.09%)와 원익머트리얼즈(7.63%→9.99%), 테크윙(6.09%→8.17%) 등도 마찬가지다.

반도체 부품주인 네패스의 경우 8월에 지분을 5.05%에서 6.07%로 확대했다 일부 처분, 11월 중 4.45%로 축소시켰다. 반도체, 디스플레이 공정용 불산을 생산하는 후성은 수출규제 이후 수혜주로 부각되며 주가가 급등하자 8월 중 지분을 5.2%로 줄였다.

디스플레이 소·부·장주 지분도 확대됐다. AP시스템의 경우 상반기엔 공시 대상이 아니었다가 7월에 5% 이상(5.05%) 사들인 뒤 연말엔 5.06%까지 늘렸다. HB테크놀로지(5.07%), 하나머티리얼즈(6.07%)도 5% 이상 지분 보유 종목에 편입됐다. 2차전지 관련주에서는 일진머티리얼즈(7.16%→8.17%), 두산솔루스(4.67%) 등의 지분이 확대됐다.

강승연 기자

▶네이버에서 헤럴드경제 채널 구독하기

▶제49회 헤럴드 전국 영어 말하기대회 ▶헤럴드경제 사이트 바로가기



- Copyrights ⓒ 헤럴드경제 & heraldbiz.com, 무단 전재 및 재배포 금지 -"
(주)상아프론테크,2020.06.23. 오전 9:20,"[특징주] 상아프론테크, 수소차 핵심 부품 생산… 7% 상승","사진=상아프론테크
수소차 관련주로 분류된 상아프론테크 주가가 상승세다.

23일 오전 9시17분 기준 상아프론테크는 전 거래일보다 7.36%(1900원) 상승한 2만7700원에 거래되고 있다.

상아프론테크는 수소차에 필요한 핵심 부품인 수소연료전지 스택을 생산한다. 수소연료전지 스택은 수소와 산소를 반응 시켜 물과 전기에너지를 얻는 핵심 장치다. 또 소형 및 중대형 2차전지 부품을 비롯해 프린터의 핵심부품, 자동차 부품 등도 생산하고 있다.

윤경진 기자 youn1@mt.co.kr

▶ 고수들의 재테크 비법 영상
▶거품 뺀 솔직 시승기 ▶ 코로나19 속보

<저작권자 ⓒ '성공을 꿈꾸는 사람들의 경제 뉴스' 머니S, 무단전재 및 재배포 금지>"
(주)상아프론테크,2020.09.09. 오전 8:12,40% 폭등 니콜라 관련주…상아프론테크·일진다이아 '주목',"니콜라가 개발 중인 수소트럭 콘셉트카를 충전하는 모습. 니콜라 제공


미국 뉴욕증시에서 수소차 관련주인 니콜라가 40% 폭등하면서 투자자들이 국내 관련주를 찾기 위해 발빠른 움직임을 보이고 있다. 전문가는 국내 수소차 부품업체들인 상아프론테크 일진다이아 뉴로스 등에 주목하라고 했다.

8일(현지시간) 미국 뉴욕증권거래소에서 니콜라는 40% 폭등했다. 제너럴모터스(GM)이 20억달러를 투자해 니콜라 지분 11%를 확보했다는 소식이 전해져서다.

업계에서는 이번 지분 투자로 니콜라의 최대 약점인 수소차 생산능력에 종지부를 찍었다는 평가가 나온다. 또 GM과 니콜라의 협업으로 수소차가 본격적으로 투자해야 되는 대상이라는 점이 각인됐다는 설명이다.

향후 완성차업체들간 또는 스타트업들과 완성차업체들 사이의 전략적 제휴가 활발해질 것이라는 전망도 제기된다.

한병화 유진투자증권 연구원은 ""GM과 니콜라의 제휴는 수소차 시장 확대의 촉매제라고 볼 수 있다""며 ""글로벌 합종연횡의 시작으로 수소차 시대가 온 것이 기정사실화됐다""라고 짚었다.

국내 증시에서의 수혜주 찾기에도 분주하다.

유진투자증권에 따르면 수소연료전지의 핵심 소재인 멤브레인을 상용화 하는 상아프론테크, 수소 저장탱크 제조업체 일진다이아, 공기베어링을 적용한 수소차용 공기압축기를 공급하는 뉴로스 등이 수혜를 입을 것이라는 전망이다.

한 연구원은 ""대한민국 수소차 부품, 소재업체들의 글로벌 경쟁력을 단기간에 따라올 국가는 없을 것""이라며 ""향후 미국 중국 유럽에서 만들게 될 수소차의 소재 및 부품의 공급 대상으로 국내 업체들이 가장 먼저 거론될 것은 당연한 시장논리""라고 설명했다.



이송렬 한경닷컴 기자 yisr0203@hankyung.com



▶ #믿고 보는 #기자 '한경 기자 코너'
▶ 네이버에서 한국경제 뉴스를 받아보세요
▶ 모바일한경 구독신청

ⓒ 한국경제 & hankyung.com, 무단전재 및 재배포 금지"
(주)상아프론테크,2020.11.09. 오전 10:19,美 대선 끝나자 증시 들썩…'바이든 수혜주' 살펴보니 [이슈+],"트럼프 누르고 당선인 된 바이든, 핵심 공약 '친환경'
증시서도 태양광 풍력 2차전지 '강세'…제약주도 '관심'
조 바이든 미국 민주당 대선 후보가 도널드 트럼프 미국 대통령을 누르고 대통령 당선인이 됐다. 바이든이 '친환경' 정책을 핵심 공약으로 내세운 만큼 증시에서도 태양광·풍력 등 친환경 에너지 관련주(株), 2차전지주 등이 유망할 것이라는 분석이다. ‘오바마 케어’ 부활 기대감이 퍼지는 제약·바이오주도 들썩이고 있다.
엉클 조, 트럼프 누르고 당선인 확정…핵심 공약은 '친환경'
9일 관련업계에 따르면 조 바이든 당선인의 '별명은 엉클 조(Uncle Joe)'다. 이웃집 삼촌 같은 인간적인 면모와 온건주의, 미국적인 가치를 내세워서다. 세 차례 대권 도전 끝에 최고령 대통령이라는 기록도 세웠다. 그는 화려한 정치 이력과 풍부한 국정 경험, 대중 인지도의 삼박자를 갖춘 노련한 정치인으로 평가받는다.

바이든 당선인은 지난 7일(현지시간) 미국 11·3 대선에서 승리하고 자택이 있는 델라웨어주 윌밍턴에서 ""분열이 아니 단합을 추구하는 대통령이 되겠다고 약속한다""고 말했다. 그러면서 ""미국이 다시 세계로부터 존경받게 하겠다""며 ""붉은 주(州)와 푸른 주를 보지 않고 오직 미국만 바라보겠다""고 다짐했다.

바이든 당선인의 핵심 공약 가운데 하나는 친환경 정책이다. 바이든 후보는 향후 4년간 청정에너지·인프라에 2조 달러를 투자하겠다고 공약한 바 있다. 이와 더불어 7000억 달러 중 3000억 달러를 인공지능(AI), 5G, 통신 플랫폼, 전기차에 투입하겠다고 공언했다.

사진=게티이미지뱅크
바이든 관련주 '랠리'…KC코트렐·삼성SDI 등 강세
바이든 당선 기대감은 증시에 훈풍을 불어넣고 있다. 바이든 수혜주로 꼽히는 태양광 관련주는 연일 랠리를 펼치고 있다. 이날 오전 9시46분 현재 KC코트렐은 전날보다 1250원(11.74%) 상승한 1만1900원에 거래되고 있다. 지난 5일 10% 넘게 뛴 KC코트렐은 이튿날인 6일에는 가격제한폭(29.72%)까지 급등했다.

신성이엔지도 전날보다 330원(7.76%) 뛴 4580원을 기록 중이다. 신성이엔지 역시 지난 5일부터 3거래일 연속 강세다. 풍력에너지 관련주인 씨에스윈드 동국S&C도 4%대로, 삼강엠앤티도 3%대로 뛰고 있다.

2차전지주도 고공행진 중이다. 이날 SK이노베이션은 전날보다 1만500원(7.42%) 상승한 15만2000원에 거래되고 있다. 삼성SDI도 3만3000원(6.61%) 오른 53만2000원에, LG화학은 1만6000원(2.22%) 뛴 73만6000원을 기록 중이다. 2차전지 장비 관련주인 상아프론테크도 2%대로, 소재·부품주인 에코프로비엠 등도 4%대로 강세를 보이고 있다.

이효석 SK증권 연구원은 ""미국 대선이라는 큰 이벤트가 끝난 상황에서 뚜렷한 성장에 대한 기대나 확실한 정책적 지원이 예상되는 업종, 종목이 수혜를 볼 가능성이 크다""며 ""외국인 수급 관점에서 대형주, LG화학 등 악재를 충분히 소화한 성장주, 친환경 정책 관련주 등이 상승할 것""이라고 판단했다.

'오바마 케어'가 부활할 것으로 예상되면서 제약·바이오주도 들썩이고 있다. 이날 동화약품은 전날보다 700원(3.83%) 상승한 1만9000원에 거래되고 있다. 에스티팜 대화제약 서울제약 경동제약 동국제약 등 전반적으로 제약업종이 강세를 보이고 있다.

바이든 당선인은 대선 공약 중 하나로 오바마 케어의 확대 적용을 주장해왔다. 오바마 케어는 과거 버락 오바마 대통령이 주도했던 미국의 의료보험 시스템 개혁 법안(환자 보호 및 부담 적정보험법)을 의미한다. 정부가 차상위 계층에 의료보험을 제공하고 나머지 국민들은 사보험 의무 가입으로 전 국민 의료보험을 시행하는 것이 골자다.

바이든 당선인은 오바마 대통령 재임 기간인 2009년부터 2016년까지 8년간 부통령을 지내 오바마 케어에 대한 이해도가 높다. 오바마 케어를 뒷받침하기 위해 복제약 처방 장려 정책 등이 예상된다.

다만 시장에서는 이미 바이든 당선 가능성을 높게 점쳐왔기 때문에 관련주의 가격에는 기대감이 상당 부분 반영됐다는 평가가 많다. 테마주로서 접근하기보다는 기초체력(펀더멘털)을 고려해 옥석 가리기가 필요하다는 게 증시 전문가들의 조언이다.

이송렬 한경닷컴 기자 yisr0203@hankyung.com



▶ 경제지 네이버 구독 첫 400만, 한국경제 받아보세요
▶ 한경 고품격 뉴스레터, 원클릭으로 구독하세요
▶ 한국경제신문과 WSJ, 모바일한경으로 보세요

ⓒ 한국경제 & hankyung.com, 무단전재 및 재배포 금지"
(주)상아프론테크,2020.07.20. 오전 5:00,"오르막길 친환경테마주, 하반기엔 바이든 랠리?","수소업체 두산퓨얼셀 6월 이후 155% 상승, 작년 9월 상장 뒤 600%↑
“그린주식 미래가치 올라갈 수 있어...바이든 정책도 상승 모멘텀 제공”
미 민주당 대선 후보 조 바이든 전 부통령이 지난 14일(현지시간) 델라웨어주 윌밍턴에서 열린 선거 행사 도중 연설하고 있다. 바이든 후보는 대통령이 되면 기후 변화에 대처하고 경제적 기회 창출을 위해 4년간 2조 달러를 청정에너지 인프라에 투자하겠다고 밝혔다.ⓒAP/뉴시스
한국 정부가 ‘그린뉴딜’ 73조원 투자 계획을 밝힌 가운데 미국도 대선과정에서 그린뉴딜이 핵심 키워드로 떠오르면서 친환경테마주가 급부상하고 있다. 신종 코로나바이러스 감염증(코로나19) 확산이 지속 가능성에 대한 전 세계적인 관심을 앞당긴 모습이다. 기후변화가 글로벌 정치·사회 화두로 떠오른 만큼, 미 대선과 함께 전기차·수소차·풍력·태양광 등 친환경 관련주의 수혜 가능성도 주목된다.

20일 한국거래소에 따르면 지난 17일 현대차는 전장 대비 6.82% 오른 11만7500원에, 현대모비스는 3.52% 상승한 22만500원으로 거래를 마쳤다. 현대차와 현대모비스 주가는 이달 들어 각각 19.7%, 13.7%씩 상승했다. 그린뉴딜 세부 계획 발표를 앞두고 현대차그룹이 수소차·전기차 전략을 강화할 것이란 기대감이 작용했다.

수소 관련주인 두산퓨얼셀은 전장보다 0.26% 오른 3만8600원으로 마감했다. 두산퓨얼셀 주가는 지난해 10월18일 상장 가격인 5510원에서 600% 넘게 치솟은 상태다. 지난달 이후에만 155.5% 상승했다. 같은 기간 일진다이아(102.1%), 에스퓨얼셀(115%)도 큰 폭 뛰었다. 이날 풍력업체인 씨에스윈드는 1.38% 오른 5만8900원을 기록했다. 씨에스윈드는 이달 13거래일 중 3일을 제외하고 모두 상승했고 이 기간 주가는 37.3% 올랐다. 이날 동국 S&C(3.66%) 유니슨(5.71%)도 강세 마감했다.

지난 16일 정부는 그린뉴딜 분야에 2025년까지 73조4000억원을 투입해 일자리 66만개를 창출하겠다고 밝혔다. 그린뉴딜은 도시·공간·생활인프라 녹색 전환, 저탄소·분산형 에너지 확산, 녹색산업 혁신 생태계 구축 등이 주요 방향이다. 이에 따라 전기차·수소차 등 친환경 자동차를 133만대 보급하고 태양광·풍력 등 재생에너지 발전용량을 현재보다 3배 이상 확대할 계획이다.

이는 그린 주식의 성장성을 부각시키는 요인으로 작용할 것이란 게 증권가 전망이다. 단기적으로 기업 실적이 훼손된 상태에서 정부가 특정 산업의 성장성을 강화하고 있다는 이유에서다. 김영환 NH투자증권 연구원은 “증시 전반적으로는 주가수익비율(PER)이 높아진 상황을 당분간 감내해야하지만, 그린 분야 주식의 경우 성장경로가 높아져 기업의 미래가치가 더 올라갈 수 있다는 얘기”라고 설명했다.

과거 정부의 산업 육성 정책은 정책테마에 그친 경우가 많았다. 그러나 이번엔 정책 선회 가능성이 낮아지면서 다른 양상을 띨 것으로 관측된다. 김 연구원은 “그린 산업은 글로벌 경제에서 중요성이 계속해서 높아지는 분야로, 이미 파리기후변화협약이 이행기에 들어섰다”며 “정책이 단순히 테마에 그치지 않고 실질적인 성과로 연결될 가능성이 높다”고 내다봤다.

미국 민주당 대선후보 조 바이든 전 부통령은 지난 14일(현지시간) 델라웨어에서 열린 선거운동 연설에서 대선 공약으로 2400조원 그린뉴딜 정책을 공개했다. 2050년까지 탄소 배출 제로 달성을 목표로 향후 4년간 2조 달러를 청정에너지 인프라에 투자해 100만개 이상의 일자리를 창출하겠다는 것이다. 여기에 도널드 트럼프 미 대통령이 탈퇴한 파리기후변화협약에 다시 가입하겠다는 뜻도 재차 밝혔다.

트럼프와의 지지율 경쟁에서 우위를 이어가는 바이든은 친환경 카드로 승부수를 띄우고 있다. 그동안 기후변화 위기를 부정해온 트럼프 행정부와 정반대의 행보를 예고한 것이다. 바이든의 지지율이 오르면서 미국 전기차업체 테슬라의 주가 급등에 일정 부분 영향을 미쳤을 것이란 시선도 있다. 한대훈 SK증권 연구원은 “청정에너지와 그린에너지 업종은 바이든의 기후정책과 맞물려 반사이익이 예상된다”면서 테슬라, 넥스테라 에너지 등을 바이든의 정책적 수혜주로 꼽았다.

바이든이 당선될 경우 트럼프로 인해 지연됐던 미국의 그린산업이 재활성화 되는 계기가 될 것이란 견해도 잇따른다. 한병화 유진투자증권 연구원은 “바이든이 당선되면 풍력과 태양광산업은 연간 각각 10기가와트(GW) 이상이 설치되는 현재의 호황시장이 유지될 가능성이 높고, 전기차·수소차 시장도 고성장세로 전환할 것”이라며 “또 미국이 유럽, 중국과의 그린 산업 육성 경쟁에 가세하면서 관련 산업의 글로벌 시장 확대에 가속도가 붙을 전망”이라고 밝혔다.

특히 국내 코스닥 업체에는 추가 성장 모멘텀을 제공할 수 있는 주요 이벤트라고 판단했다. 한 연구원은 글로벌 풍력 타워 1위 업체인 씨에스윈드, 배터리 소재부품주인 에코프로비엠·일진머티리얼즈·천보·두산솔루스·신흥에스이씨·후성, 수소 관련주인 상아프론테크·일진다이아·두산퓨얼셀·에스퓨얼셀 등을 수혜주로 제시했다.

다만 바이든의 증세정책은 주식시장의 불확실성을 키우는 요인이다. 바이든은 법인세를 현재의 21%에서 28%로 올리겠다고 밝혀왔다. 테크·플랫폼 기업의 반독점법 이슈도 확산될 수 있다. 한대훈 연구원은 “미국 민주당 후보들이 대체로 미국 플랫폼 기업들의 해체를 검토해야한다고 주장하고 있다”면서 “기존 주도주였던 테크·플랫폼 기업들은 반독점법 논란이 더욱 거세질 수 있다”고 관측했다.

데일리안 백서원 기자 (sw100@dailian.co.kr)

ⓒ (주)데일리안 - 무단전재, 변형, 무단배포 금지"
(주)파마리서치,2020.08.14. 오전 9:29,"[특징주]파마리서치프로덕트, 2Q 호실적+하반기 성장 기대 '강세'","[이데일리 권효중 기자] 파마리서치프로덕트(214450)가 지난 2분기 호실적에 이어 하반기에도 성장세를 이어갈 것이라는 증권가 전망에 장 초반 강세를 보이고 있다.

14일 마켓포인트에 따르면 오전 9시 23분 현재 파마리서치프로덕트는 전 거래일 대비 4.29%(2600원) 오른 6만3200원에 거래중이다.

지난 2분기 연결 기준 이 회사의 매출액은 277억원, 영업이익은 80억원을 기록해 전년 동기 대비 38.2%, 94.1%씩 증가했다. 영업이익은 시장 기대치였던 62억원을 상회하는 수치였다.

나관준 NH투자증권 연구원은 이날 보고서를 통해 “의료기기 매출액이 고성장세를 보였으며, 화장품 부문 역시 중국 수출의 본격화에 따라 높은 성장세를 보여줬다”고 분석했다.

나 연구원은 “지난달 말 관절 기능 개선 건강식품 ‘콘액트’를 출시하고 내달에도 의료기기 신제품 출시가 예정돼있어 하반기에도 성장이 이어질 것”이라고 내다봐다.

권효중 (khjing@edaily.co.kr)

▶ #24시간 전 #미리보는 뉴스 #eNews+
▶ 네이버에서 '이데일리 뉴스'를 만나보세요
▶ 빡침해소, 청춘뉘우스 '스냅타임'


＜ⓒ종합 경제정보 미디어 이데일리 - 무단전재 & 재배포 금지＞"
(주)파마리서치,2020.03.30. 오후 2:00,"파마리서치바이오, 특별관계자 지분변동","파마리서치바이오는 (주) 파마리서치프로덕트 및 특별관계자의 지분율이 50.19%에서 50.21%로 변동했다고 30일 공시했다. 한편, 파마리서치바이오의 13시 58분 현재주가는 7,450원으로 직전 거래일 대비 변동없으며, 거래량은 380주이다.



공시 전문으로 이동

* 주식등의 대량보유상황보고서는 특수관계인을 포함한 개인이나 법인이 상장회사 지분을 5%이상 보유하게 될 경우에 5일 이내 발표하는 지분공시다. 일명 ""5%룰""이라고도 불리며, 주식을 추가로 매입하거나, 매각해 1% 이상의 지분변동이 생겨도 5일 이내에 공시해야 한다.

스톡봇 기자

※ 이 기사는 국민일보와 엠로보가 개발한 증권뉴스 전용 인공지능 로봇 ‘스톡봇’이 금융감독원 전자공시시스템(DART)과 한국거래소(KRX) 데이터를 토대로 작성한 것입니다. 지속적인 업그레이드를 통해 더욱 풍부하고 정확한 내용을 담아 가겠습니다.

▶ 네이버에서 국민일보를 구독하세요(클릭)
▶ 국민일보 홈페이지 바로가기

GoodNews paper ⓒ 국민일보(www.kmib.co.kr), 무단전재 및 재배포금지"
(주)파마리서치,2020.10.21. 오전 12:32,[포토뉴스]일자리창출상,"최병수 강원일보 전무이사(왼쪽)가 일자리창출상을 수상한 (주)파마리서치프로덕트(회장:정상수) 김신규 대표이사에게 상패와 현판 등을 전달하고 있다.

정선=박승선기자






▶ 네이버에서 강원일보 구독하기
▶ 강원일보 네이버TV 바로가기


ⓒ 강원일보 - www.kwnews.co.kr"
(주)파마리서치,2020.08.11. 오전 12:31,[강원경제인 대상 수상기업]동해안 해양자원 활용 재생의학 통한 난치성질환 치료제 개발,"일자리창출상-(주)파마리서치프로덕트(강릉)
[강원경제인 대상 수상기업]동해안 해양자원 활용 재생의학 통한 난치성질환 치료제 개발 ◇(주)파마리서치프로덕트 임직원들은 매년 연탄봉사, 산불피해복구 성금 기부 등 사회공헌사업을 활발히 펼치고 있다. ◇(주)파마리서치프로덕트 공장 전경.


올해로 14회째를 맞은 도내 경제계 최고 권위의 상인 '강원경제인 대상'의 5개 부문 8개 수상기업이 선정(본보 지난 3일자 2면 보도)됐다. 역대 수상기업 상당수가 중견기업 및 글로벌 강소기업으로 발돋움했고, 특히 올해는 바이오 관련 수상기업이 많아 수상기업에 대한 기대감이 크다. 앞으로 8회에 걸쳐 올해 수상기업들의 창업부터 성장 과정, 주요 사업 분야, 향후 전략 등을 살펴본다.

동해안권 첫 제약회사 지난해 매출액 839억 사상 최대 실적
연어 생식세포 이용 조직재생 활성물질 대량 추출 특허 등록
무릎관절염 주사제 주요 종합병원 진입 글로벌 기업으로 도약

제14회 강원경제인상 일자리창출상을 수상하는 강릉 (주)파마리서치프로덕트는 탄탄한 기술력을 토대로 지역 일자리 창출에 크게 기여하고 있다. 2001년 설립된 파마리서치프로덕트는 국내 최초 제약 분야 의약품허가 컨설팅업체로 출발한 뒤 제조업에 진출, 동해안 해양자원을 활용한 조직 재생 활성물질 PDRN 의약품 제조기술을 국내 최초로 성공했다.

2013년 강릉과학산업단지에 제1공장을 준공한 뒤 동해안권 첫 제약회사로 의약 및 화장품 생산에 돌입한 파마리서치프로덕트는 2019년 1만3,223㎡ 규모의 제2공장을 강릉과학산업단지 내에 증설했다. 재생바이오 전문기업으로 2015년 코스닥에 기업을 상장한 데 이어 2016년 종합제약기업의 기반을 마련해 글로벌 기업으로 성장하고 있다.

■대표 향토기업으로 성장=파마리서치프로덕트는 양질의 청년일자리 창출에 기여하고 있다. 2018년 155명, 2019년 209명, 올 6월 말 현재 251명을 고용했다. 강릉원주대와 가톨릭관동대, 강릉중앙고 등과 협력해 지역인재를 지속적으로 우대 채용해 양질의 청년일자리를 제공하는 등 지역경제 활성화에 기여하고 있다. 최근 매출액 증가율은 2017년 17.52%, 2018년 17.75%, 2019년 28.61%로서 3년 평균 21.29%를 나타내고 있어 산업평균(9.72%) 대비 높은 수준이다. 최근 매출액 영업이익률 역시 2017년 30.96%, 2018년 27.61%, 2019년 28.85%로서 3년 평균 29.14%를 기록, 산업평균(5.74%) 대비 매우 우수하다. 특히 2019년 매출액 839억원, 영업이익 191억원, 순이익 149억원으로 사상 최대 실적을 기록하는 등 성장 안정권 궤도에 돌입했다는 평가다.

■핵심제품=파마리서치프로덕트의 주력 사업은 의약품, 의약외품, 화장품, 의료용구 및 기타 화학제품의 제조, 생산 및 판매다. 특히 인체 고유의 재생 메커니즘을 활성화하고 촉진시키는 물질인 PDRN, PN(폴리뉴클레오티드)의 제조기술을 보유하고 있다. 재생의학 의약품인 리쥬비넥스주, 리안점안액, 안티에이징 및 피부재생에 효능을 가지고 있는 의료기기인 리쥬란 및 기타 제품의 국내 상용화에 성공했으며 리쥬비넥스 주사제, 리안 점안액이 품목허가를 취득했다. 이러한 기술력을 바탕으로 2016년 혁신형 제약기업으로 선정됐고, 2017년에는 리쥬란 제품이 유럽 CE 인증을 획득했다.

■핵심기술=동해안 해양자원을 활용한 조직재생 활성물질 PDRN 의약품 제조기술을 국내 최초로 성공한 기업이다. 핵심기술인 DOT(DNA optimizing technology)는 연어의 생식세포로부터 조직재생 활성물질인 PDRN을 대량 추출하는 것으로 2010년 특허 등록한 국내 유일의 기술이며, 해외에서 개발된 기술과 비교해도 공정을 단순화해 대량생산 및 안전하고 높은 수율의 원료를 획득할 수 있는 강점을 보유하고 있다. 최근 생체 재료인 연어에서 추출한 PN을 주성분으로 하는 무릎 관절강 주사 콘쥬란을 개발해 무릎관절염 환자를 대상으로 임상실험한 결과 관절 부위의 기계적 마찰을 감소시켜 통증 완화 및 관절 기능 개선에 도움을 주는 것으로 조사됐다. PN 관절강 주사 '콘쥬란'은 올 3월 건강보험 급여 적용 이후 개원가 중심으로 빠르게 확산되고 있으며 최근 서울대병원과 서울성모병원 등 주요 종합병원에 랜딩되면서 제품에 대한 신뢰도와 안전성이 크게 주목받고 있다.

■글로벌 기업으로 도약=수많은 산업재산권을 확보해 경쟁력을 인정받고 있다. 기술분야에 있어 특허 등록 13건, PCT 출원 5건, 상표 등록 51건, 디자인 등록 3건 등 다수의 산업재산권을 확보하고 있으며, 2017년 1,000만달러 수출탑 포상, 2019년 글로벌 강소기업 지정 등을 통해 세계적 제약기업으로 성장하고 있다. 우수한 기술경쟁력을 기반으로 미국 유기농 화장품 기업(DRJ organics) 인수, 재생 솔루션 화장품(디셀) 개발 및 중국 위생허가 인증, 난치성 상처 치료제 스웨덴 임상 승인, 조직수복용 생체재료(리쥬란) CE 인증 등 글로벌 기업으로 도약의 기반을 만들었다.

정상수 회장은 “기술개발에 있어 미용필러 제품, 관절 주사제, 인공콜라겐 의료기기 및 화장품, 염증성 질환 재생치료제 확보를 통해 단기적 성과를 달성하고, 장기적으로 골재생유도제 개발, 재생활성물질을 기반으로 한 난치성 질환 치료제 개발을 통해 글로벌 재생의학 선도기업으로 성장하겠다”고 했다.

강릉=조상원기자 jsw0724@


▶ 네이버에서 강원일보 구독하기
▶ 강원일보 네이버TV 바로가기


ⓒ 강원일보 - www.kwnews.co.kr"
(주)파마리서치,2020.08.11. 오전 12:31,[강원경제인 대상 수상기업]신규 인력 지역대학 출신 우선 채용 우수한 청년 인재들 고향 정착 기여,"정상수 (주)파마리서치프로덕트 회장


“고향 강릉에 양질의 일자리를 만들어 청년 인재들이 고향을 떠나지 않고 정착할 수 있도록 노력하겠습니다.”

제14회 강원경제인상을 수상하는 정상수(63·사진) (주)파마리서치프로덕트 회장은 “아직 부족한데 큰 상을 주셔 감사드린다. 지역사회와 강원도에 더 많은 기여를 하라는 바람으로 여기겠다”고 소감을 밝혔다.

그는 코스닥 상장 5주년을 맞아 제2의 목표를 토대로 더 큰 성장을 이루는 계기로 삼겠다는 포부도 피력했다. 정 회장은 “재생의학의 실현에 앞장서자는 기업 목표를 바탕으로 동해안으로 회귀하는 연어의 생식세포를 이용해 노화되는 피부를 재생시키는 '리쥬란', 퇴화된 무릎의 기능을 복원시키는 '콘쥬란' 등을 개발했는데 이 모두가 해당 치료 분야의 1등 제품으로 자리 잡았다”며 “제품들이 회사의 고유한 제조 기술을 활용한 것이어서 지역 기업으로서 자랑스럽다”고 강조했다.

하지만 고향인 강릉에 공장을 설립하는 것은 쉬운 일이 아니었다. 정 회장은 “고향에 공장을 설립한다고 하자 내부와 주변에서 상당히 염려했다. 제약회사가 전무한 영동지역 특성상 전문인력 확보가 최대 관건이었다”며 “그러나 인근에 KIST 강릉분원 천연물연구소도 자리 잡고 있어 천연물 및 해양자원을 이용한 제품 개발을 계획하는 기업에게는 탁월한 조건이었고, 외지에 나간 고향 인력도 일부 돌아오며 하나씩 같이 배워가면서 부족함을 채웠기에 큰 문제가 없다”고 회고했다.

양질의 지역 청년 일자리 창출에 관심을 두고 있는 정 회장은 “매출 증대와 고용 증대는 늘 함께하는 것이라 구체적 고용 인력 목표보다는 사업에 집중하고 있다”며 “신규 인력은 지역대학 출신을 우선 채용하고 있는데, 이들이 회사 생활에 잘 적응하고 있어 매우 만족하고 있다”고 평했다. 또 “자회사 파마리서치바이오의 경우 같은 강릉과학산업단지 내에 자리 잡고 있어 인수를 결정했는데, 최근 수출 증가와 함께 고용 인력도 늘어나고 있어 탁월한 결정이었다”고 덧붙였다.

특히 매년 연탄봉사, 산불피해복구 성금 기부 등 사회공헌사업도 펼치고 있다. 정 회장은 “세상에 좋은 회사는 많지만 위대한 기업으로 평가받기는 어렵다”며 “비록 작더라도 그 과정에 충실한 회사가 됐으면 하고 직원들이 얼마나 즐겁게, 행복하게 일하느냐 하는 것이 중요한 만큼 '자율과 책임'을 중시하는 기업문화에 힘쓰겠다”고 강조했다. 그는 마지막으로 “Good to Great!(좋은 것에서 위대한 것으로)”를 강조했다.

강릉=조상원기자 jsw0724@


▶ 네이버에서 강원일보 구독하기
▶ 강원일보 네이버TV 바로가기


ⓒ 강원일보 - www.kwnews.co.kr"
(주)파마리서치,2020.08.03. 오전 12:32,혁신성장 견인 강원경제인상 8개 기업 수상,"시상식 내달 10일 경제인페스티벌


일자리창출…정상수·백영옥
연구개발…정홍걸
창업성공…나희준
건설혁신…원홍상
특별상…김윤원·안병옥, 김기수, 박선경

제14회 강원경제인상 수상 기업으로 재생의학 기술 선도 기업인 (주)파마리서치프로덕트 등 8개 기업이 선정됐다. 2020 강원경제인상 심사위원회는 1, 2차 심사를 거쳐 경영평가, 성장 가능성, 지역경제 기여도 및 일자리 창출, 기술평가 등을 종합평가해 5개 부문의 8개 기업을 선정했다고 2일 밝혔다.

일자리창출 부문에는 (주)파마리서치프로덕트(회장:정상수)와 (주)유바이오로직스(대표:백영옥, 최석근)가 선정됐다. (주)파마리서치프로덕트는 국내 최초 제약 분야 의약품허가 컨설팅업체로 출발 후 제조업에 진출, 동해안 해양자원을 활용한 조직 재생 활성물질 PDRN 의약품 제조기술을 국내 최초로 성공했다. 특히 양질의 청년일자리 창출 등 올 6월 말 현재 251명을 고용, 지역경제 활성화에 기여하고 있다. (주)유바이오로직스는 백신 개발 및 공급 전문기업으로 2017년 코스닥에 상장됐고, 2018년 동춘천산단에 제2공장을 준공했다. 창업 당시 10여명이던 임직원이 올 6월 210명이 근무하는 강소기업으로 성장했다.

연구개발 부문에는 항체 제품 개발 분야에서 글로벌 경쟁력을 갖춘 (주)애드바이오텍(대표:정홍걸)이 선정됐다. 애드바이오텍은 신개념의 백신과 항생제 대체물질(IgY)인 인체용, 축산 및 수산용 경구용 항체 제품과 기능성 화장품, 식품 첨가물 등 환경 친화적인 제품을 연구, 개발하고 있으며 국내외 특허등록 20건 및 특허출원 12건 등 다양한 산업재산권을 보유하고 있다.

창업성공 부문에는 (주)하울바이오(대표:나희준)가 뽑혔다. 하울바이오는 자체 개발한 항원·항체를 활용해 기능성 화장품, 면역진단키트, 치료용 항체 분야에서 다양한 제품군을 개발하고 있다. 강원혁신센터의 1호 직접투자 기업으로 선정된데 이어 한국벤처투자가 운용하는 엔젤매칭펀드까지 투자받았다.

건설혁신 부문은 30년간 건설업에 종사하며 시공능력을 인정받은 선진종합건설(대표:원홍상)이 선정됐다. 종합건설업체로서 꾸준한 매출 증가 및 시장 점유율을 확대하고 있으며 지역 건설자재 우선 사용 및 주민 고용창출 기여로 지역 내 신인도가 높다.

특별상은 (주)이뮨메드(대표:김윤원, 안병옥), (주)강원남부(대표:김기수), (주)설악에너텍(대표:박선경) 3곳이 선정됐다. (주)이뮨메드는 감염성 및 면역학적 질환의 진단키트와 항체 치료제 백신개발 회사로 코로나19 이후 관심도가 높아진 바이러스 억제물질(VSF) 기반으로 국내외 임상 진행 등 코로나19 치료제 개발에 주력하고 있다. (주)강원남부는 폐광지역에 설립된 주민기업으로 폐광 실직자 및 가족 우선 채용을 원칙으로 여성근로자·장애인·국가보훈대상자·취업취약계층을 적극 고용, 폐광지역 회생의 견인차 역할을 하고 있다. (주)설악에너텍은 태양광 발전 시스템을 시공하는 신재생에너지 전문기업으로 지난해 전년 대비 200% 매출 신장 등 수익성 안정성 등에서 동종 산업과 비교해 상대적으로 우수한 점을 인정받았다.

9월10일 정선 하이원팰리스호텔에서 열리는 2020 강원경제인페스티벌에서 시상식을 갖는다. 수상기업에는 상패와 현판이 수여된다.

백진용기자 bjy@kwnews.co.kr


▶ 네이버에서 강원일보 구독하기
▶ 강원일보 네이버TV 바로가기


ⓒ 강원일보 - www.kwnews.co.kr"
(주)서진시스템,2020.08.24. 오전 11:11,"[특징주] 서진시스템, 5G 관련주 상승 효과 '급등'","/사진=이미지투데이
서진시스템이 24일 장중 상승세다. 이날 오전 11시7분 서진시스템은 전일대비 6650원(16.92%) 오른 4만5950원에 거래 중이다. 5G 관련주가 주목 받으면서 주가 상승에 긍정적인 영향을 준 것으로 풀이된다. 

유진투자증권은 이날 서진시스템에 대해 ""상반기 실적 부진에도 불구하고 국내 5G(세대)인프라에 대한 본격적인 투자 확대를 기대한다""며 목표가를 기준 3만원에서 4만7000원으로 상향 조정했다. 투자의견은 '매수(BUY)'를 유지했다.

서진시스템은 2분기 연결기준 매출액이 764억원으로 전년 동기 대비 28.6% 줄었고 영업손실이 1억원을 기록하며 적자로 돌아섰다.

이 증권회사의 박종선 연구원은 ""서진시스템은 코로나 19 영향에 따른 5G 투자가 저조해 통신장비부품 매출이 56.0% 감소한 게 실적 부진의 이유""라면서도 ""3분기 예상실적(연결기준)은 점차 회복되며 전년 동기 수준에 도달할 것""으로 예상했다. 3분기 매출액은 1053억원, 영업이익은 151억원이라는 추정이다.

서진시스템은 ▲5G 통신장비 부품 매출 하반기 실적 성장세 전환 ▲반도제 장비 부품 및 에너지저장시스템(ESS·Energy storage system)부품 사업 성장 지속 ▲전기차 및 가정용품 등의 기타 매출 성장 본격화 기대 등이 상반기 부진을 딪고 하반기 실적 전환을 이끌 것이라는 분석이다.


이남의 기자 namy85@mt.co.kr

▶고수들의 재테크 비법 영상
▶거품 뺀 솔직 시승기 ▶머니S기사, 네이버 메인에서 보세요

<저작권자 ⓒ '성공을 꿈꾸는 사람들의 경제 뉴스' 머니S, 무단전재 및 재배포 금지>"
(주)서진시스템,2020.08.05. 오후 3:10,"[특징주] 서진시스템, 5G 품질 나오자 장막판 '급등세' 전환","5G 상용화이후 처음으로 품질이 공개됐다.©이미지투데이
서진시스템이 장 마감을 앞두고 급등했다.

서진시스템은 5일 오후 3시 4분 현재 전 거래일보다 8.27%(3200원) 오른 4만1900원에 거래되고 있다.

서진시스템은 이날 오전 내내 전일 대비 하락세를 보이고 있다가 정부의 5G(5세대 이동통신) 품질 평가 결과 발표가 나온 직후 급등세로 돌아섰다.

한국은 지난해 4월3일 세계 최초로 5G 상용화에 성공했으며 이날 처음으로 5G 품질 공식 평가가 나왔다. 정부는 서울 및 6대 광역시에서 5G 평균 전송 속도가 다운로드 기준으로 LTE(4세대 이동통신)보다 4배 가량 빠른 것으로 집계됐다고 발표했다.

이에 통신장비 기업인 서진시스템에 대한 관심이 높아졌다는 분석이다. 서진시스템은 소형 기지국 장비와 소형 안테나 기지국 장비용 함체를 비롯한 통신네트워크 장비에 사용되는 금속 기구물을 생산하고 있는 기업이다.

송창범 기자 kja33@mt.co.kr

▶ 고수들의 재테크 비법 영상
▶거품 뺀 솔직 시승기 ▶ 코로나19 속보

<저작권자 ⓒ '성공을 꿈꾸는 사람들의 경제 뉴스' 머니S, 무단전재 및 재배포 금지>"
(주)서진시스템,2020.07.08. 오후 1:59,"[특징주] 서진시스템, 화웨이 반대 기류에 반사이익 16%↑","서진시스템이 반 화웨이 기류로 인한 반사이익에 상승세다.

8일 오후 1시56분 기준 서진시스템은 전 거래일보다 16.02%(5400원) 오른 3만9100원에 거래되고 있다.

서진시스템은 통신장비와 핸드폰부품, 반도체 장비 등을 제조·판매하는 업체로 국내에서는 소형 기지국 장비와 소형 안테나 기지국 장비용 함체를 비롯한 통신네트워크 장비에 사용되는 금속 기구물을 주로 생산하고 있다.

국내 통신장비업계는 신종 코로나바이러스 감염증(코로나19) 여파로 투자가 위축돼 직격탄을 맞았지만 미국, 일본, 인도 등 해외 통신사를 중심으로 5G통신장비 공급 계약이 논의되면서 활기를 되찾고 있다.

특히 미국 주도의 반 화웨이 기류가 전 세계로 확산하는 추세도 호재로 작용한다.

박슬기 기자 seul6@mt.co.kr

▶ 고수들의 재테크 비법 영상
▶거품 뺀 솔직 시승기 ▶ 코로나19 속보

<저작권자 ⓒ '성공을 꿈꾸는 사람들의 경제 뉴스' 머니S, 무단전재 및 재배포 금지>"
(주)서진시스템,2020.06.29. 오전 10:22,"[특징주] 서진시스템, 5G 관련주 상승 효과 '급등'","5G(5세대 이동통신) 테마주로 분류되는 서진시스템이 29일 장초반 상승세다. 서진시스템은 이날 오전 10시21분 전일대비 2100원(7.19%) 오른 3만1300원에 거래 중이다.

서진시스템의 최근 1주일간 외국인/기관 매매내역을 살펴보면 외국인은 65,468주를 순매도했으며, 기관은 22,419주를 순매도 했다. 같은 기간 주가는 3.33% 하락했다.

서진시스템은 통신장비, 핸드폰부품, 반도체 장비 등을 제조판매는 기업이다. 국내에서는 소형 기지국 장비와 소형 안테나 기지국 장비용 함체를 비롯한 통신네트워크 장비에 사용되는 금속 기구물을 주로 생산한다.

이남의 기자 namy85@mt.co.kr

▶ 고수들의 재테크 비법 영상
▶거품 뺀 솔직 시승기 ▶ 코로나19 속보

<저작권자 ⓒ '성공을 꿈꾸는 사람들의 경제 뉴스' 머니S, 무단전재 및 재배포 금지>"
(주)서진시스템,2020.11.20. 오후 4:35,"코스피, 변동성 확대 속 2550선 넘겨…사흘째 연고점","■ 경제현장 오늘 '마감시황' - 오기철 교보증권 차장

Q. 오늘(20일) 마감상황 어떻습니까?

- 코로나19 확산 우려…혼조 거듭한 코스피
- '바이든호' 견제? 中 왕이 25일 방한 유력

Q. 간밤 해외이슈도 짚어주시죠.

- 코로나19 이긴 부양책? 美 3대지수 상승
- 美 하루 17만 감염…지역별 봉쇄조치 강화

Q. 눈에 띄는 종목은 어떤게 있었나요?

- 주목할만한 오늘의 업종·특징주는?
- 방탄소년단 새 앨범 공개…빅히트 강세
- 주요국 투자 확대 기대감…5G 관련주 상승
- 5G 관련주 서진시스템 등 상승
- 미국 중국등 5G 투자 확대 기대감

Q. 다음주 전망, 어떤 전략이 필요할까요?

- 코로나19로 변동성 확대…다음 주 투자전략은?
- 외인 매수종목·배당주에 대한 관심 추천

(자세한 내용은 동영상을 시청하시기 바랍니다.)

윤선영 기자(anable@sbs.co.kr)


▶ 돈 세는 남자의 기업분석 '카운트머니' [네이버TV]
▶ 경제를 실험한다~ '머니랩' [네이버TV]
저작권자 SBS미디어넷 & SBS I&M 무단전재-재배포 금지"
(주)헬릭스미스,2020.11.20. 오전 10:51,"[특징주] 헬릭스미스, ‘엔젠시스’ 美임상 3-2상 첫 투약에 이틀째 급등세","[헤럴드경제=강승연 기자] 헬릭스미스가 당뇨병성 신경병증(DPN) 치료제로 개발 중인 유전자 치료제 ‘엔젠시스’에 대한 기대감으로 이틀째 급등세를 이어가고 있다.

20일 코스닥시장에서 헬릭스미스는 오전 10시 38분 현재 전 거래일보다 4600원(15.33%) 오른 3만4600원에 거래되고 있다. 헬릭스미스는 장중 상승 폭이 20% 이상 확대되며 3만6500원에 거래되기도 했다. 전날 가격제한폭(29.87%)까지 올라 상한가를 기록한 데 이어 이틀 연속 급등세다.

헬릭스미스가 전날 엔젠시스의 미국 임상 3-2상 시험을 위한 환자 투약을 시작했다고 발표한 데 따른 결과다. 이번 임상 3-2상은 미국 임상시험센터 15곳에서 환자 152명을 대상으로 진행된다. 지난달 말 기준으로 이중 14곳은 기관생명윤리위원회(IRB) 승인을 받았으며, 11곳은 환자 등록을 위한 마지막 확인 단계인 연구개시방문(Site Initiation Visits·SIV)을 완료했다.

헬릭스미스 측은 현재 5개 임상시험센터에서 다수의 환자들에 대해 스크리닝이 진행 중이며, 다음 환자들에 대한 투약이 연이어 진행될 것이라고 설명했다. 일반적으로 첫 투약 이후 단계는 빠른 속도로 진행된다.

spa@heraldcorp.com

▶환경적 대화기구 '헤럴드에코'
▶밀리터리 전문 콘텐츠 ‘헤밀’
▶헤럴드경제 네이버 채널 구독



- Copyrights ⓒ 헤럴드경제 & heraldbiz.com, 무단 전재 및 재배포 금지 -"
(주)헬릭스미스,2020.10.20. 오전 9:49,"[특징주] 헬릭스미스, 사모펀드 2500억 투자 손실… 11% 하락","헬릭스미스 주가가 20일 장 초반 하락세다. 이날 오전 9시44분 헬릭스미스는 전일 대비 2400원(11.14%) 내린 1만9150원에 거래 중이다. 

헬릭스미스는 한때 코스닥 시가총액 순위 2위에 올랐던 바이오 기업 헬릭스미스(옛 바이로메드)가 최악의 경우 상장 폐지될 위기에 처했다. 이 회사가 지난 5년간 팝펀딩 등 고위험자산에 투자해 큰 손실을 본 것으로 드러나면서다.

헬릭스미스는 지난 16일 장 마감 이후 2016년부터 5년간 사모펀드·사모사채·파생결합증권(DLS) 등 고위험 자산에 2643억원을 투자했다고 공시했다. 지난해 매출(45억원)의 60배에 가까운 규모다. 같은 기간 투자한 상품만 68개에 달한다.

헬릭스미스는 옵티머스자산운용과 코리아에셋투자증권이 운용한 ‘팝펀딩’ 관련 사모펀드에 390억원을 투자했지만 회수한 자금은 64억원에 그친다. 팝펀딩은 올 중순 1000억원 넘는 환매 중단 사태를 일으킨 개인 간 거래(P2P) 업체로 현재 검찰 수사를 받고 있다. 

투자위험 1등급인 아너스 전문투자형 사모부동산투자신탁 2호에는 74억원을 투자해 51억원만 회수했다. 또한 환매 중단 사태를 일으킨 독일 헤리티지 DLS에도 25억원을 투자해 한 푼도 회수하지 못했다. 회사 측은 ""부실 자산 외에 추가로 상환 중단 및 지급 지연이 발생할 가능성을 배제할 수 없다""고 밝혔다.


이남의 기자 namy85@mt.co.kr

▶고수들의 재테크 비법 영상 ▶거품 뺀 솔직 시승기 ▶머니S기사, 네이버 메인에서 보세요

<저작권자 ⓒ '성공을 꿈꾸는 사람들의 경제 뉴스' 머니S, 무단전재 및 재배포 금지>"
(주)헬릭스미스,2020.10.19. 오전 9:48,"[TF특징주] 헬릭스미스, 부실 사모펀드 489억 원 투자 소식에 '급락'","19일 오전 9시 39분 현재 헬릭스미스는 전거래일 대비 28.29% 내린 2만2050에 거래되고 있다. /정용무 그래픽 기자


유상증자 실패하면 관리종목으로

[더팩트ㅣ정소양 기자] 바이오 기업 헬릭스미스가 헤지펀드 등 고위험자산에 투자한 사실이 알려지며 19일 장초반 급락 중이다.

이날 오전 9시 39분 현재 헬릭스미스는 전거래일 대비 8700원(-28.29%) 내린 2만2050에 거래되고 있다.

헬릭스미스는 지난 16일 장 마감 후 공시를 통해 팝펀딩 관련 사모펀드와 독일 헤리티지 파생결합채권(인) 등에 모두 489억 원을 투자했지만 원금을 돌려받지 못하고 있다고 공시했다.

앞서 헬릭스미스는 '코리아에셋 스마트플랫폼전문투자형 사모투자신탁제2호', '옵티멈마켓브릿지 전문투자형 사모투자신탁18호', '코리아에셋 스마트플랫폼 전문투자형 사모투자신탁제5호' 등 3개 팝펀딩 관련 사모펀드에 390억 원을 투자했다. 펀드 모두 만기가 지났지만 자금 회수가 여의치 않자 만기를 연장한 상태다. 현재까지 회수한 자금은 64억 원에 그친다.

또 아너스 전문투자형 사모부동산투자신탁제2호에 74억 원을 투자했으나 51억 원만 회수했으며, 독일 헤리티지 DLS에 투자한 25억 원은 전액 돌려받지 못했다.

헬릭스미스는 고위험 투자자산에서 대규모 손실 가능성이 발생하면서 연말 추진할 계획이었던 2800억 원대 유상증자 성공 불확실성이 커졌다. 특히, 헬릭스미스가 유상증자에 실패할 경우 관리종목 지정으로 갈 가능성이 크다.

헬릭스미스는 ""이번 유상증자 일정의 지연, 연기로 연내 납입이 어려워질 경우 관리종목에 지정될 수 있다""며 ""관리종목으로 지정된다면 이미 발행된 1097억 원 규모의 사모전환사채(CB)를 지급해야 한다""고 밝혔다.

이어 ""관리종목 지정으로 인해 직접금융시장에서의 자금 조달이 힘들어질 수 있고, 이에 임상 진행 자금 및 운전자금이 부질해질 뿐만 아니라 현재 낮은 매출 규모 및 지속되는 영업손실 실적으로 금융기관의 차입금 만기 연장 거부 및 상환 압박으로 인해 심각한 유동성 위기를 겪게 될 가능성이 매우 높다""고 밝혔다.

jsy@tf.co.kr



- BTS TMA 레전드 사진 얻는 방법? [팬버십이 답이다▶]
- 내 아이돌 응원하기 [팬앤스타▶]

저작권자 ⓒ 특종에 강한 더팩트 & tf.co.kr 무단 전재 및 재배포 금지"
(주)헬릭스미스,2020.08.03. 오전 10:17,"[특징주] 헬릭스미스, 장초반 약세… 2.96%↓","사진=헬릭스미스
헬릭스미스 주가가 장 초반 약세다.

3일 오전 10시14분 기준 헬릭스미스는 전 거래일보다 2.96%(1600원) 하락한 5만2500원에 거래되고 있다.

헬릭스미스는 1996년 서울대 학내 벤처로 설립돼 2005년 코스닥시장에 상장하고 2019년 바이로메드에서 헬릭스미스로 사명을 변경했다.

헬릭스미스는 플라스미드 DNA 플랫폼을 이용한 유전자치료제를 개발하는 바이오신약 사업과 천연소재의 약효를 검증하는 천연물신약 사업을 영위하고 있다.

윤경진 기자 youn1@mt.co.kr

▶ 고수들의 재테크 비법 영상
▶거품 뺀 솔직 시승기 ▶ 코로나19 속보

<저작권자 ⓒ '성공을 꿈꾸는 사람들의 경제 뉴스' 머니S, 무단전재 및 재배포 금지>"
(주)헬릭스미스,2020.06.26. 오전 9:14,[특징주] 헬릭스미스 '급등'… 당뇨병성신경병증 임상 효과 지속,"▲헬릭스미스 로고.
헬릭스미스 주가가 전날에 이어 26일에도 장 시작과 동시에 급격하게 치솟았다.

헬릭스미스는 이날 오전 9시 10분 현재 전 거래일 대비 5.81%(3800원) 오른 6만9200원에 거래되고 있다.

헬릭스미스는 전날 공시를 통해 현재 개발 중인 ‘엔젠시스(VM202)’의 당뇨병성 신경병증(DPN)에 대한 미국 임상 3-2상이 시작된다고 밝혔다. 임상은 미국에서 환자 152명을 대상으로 실시하며 엔젠시스의 안전성 및 유효성을 증명한다. 이같은 소식이 투자자들을 움직이고 있는 것으로 풀이된다.

헬릭스미스는 1996년 서울대 학내 벤처로 설립돼 2005년 코스닥시장에 상장하고 2019년 바이로메드에서 헬릭스미스로 사명 변경한 기업이다. 플라스미드 DNA 플랫폼을 이용한 유전자치료제를 개발하는 바이오신약 사업과 천연소재의 약효를 검증하는 천연물신약 사업을 진행 중이다.

송창범 기자

▶ 고수들의 재테크 비법 영상
▶거품 뺀 솔직 시승기 ▶ 코로나19 속보

<저작권자 ⓒ '성공을 꿈꾸는 사람들의 경제 뉴스' 머니S, 무단전재 및 재배포 금지>"
(주)헬릭스미스,2020.04.21. 오전 9:30,"[특징주] 헬릭스미스, '희귀 유전병' 치료제 임상 승인에 강세","헬릭스미스가 샤르코-마리-투스병 치료제 임상시험계획 승인 소식에 장 초반 강세를 보인다.

21일 오전 9시 27분 현재 헬릭스미스는 전일대비 1600원(1.83%) 오른 8만8900원에 거래되고 있다.

헬릭스미스는 식품의약품안전처(MFDS)로부터 샤르코-마리-투스병 치료제 제1/2a상 임상시험계획 승인을 받았다고 이날 공시했다.

회사측은 “질환의 중증도가 경도에서 중등도인 샤르코-마리-투스병 환자를 대상으로 약화된 하지근육에 주사한 임상시험용의약품의 안전성과 내약성을 평가하는 것”이라며 “식약처 승인 후 12개월동안 삼성서울병원 1개 기관에서 12명을 대상으로 임상시험을 시행할 것”이라고 설명했다.

김정훈 기자 kjhnpce1@mt.co.kr

▶ 고수들의 재테크 비법 영상
▶ 21대 총선 '생생'한 뉴스 ▶ 코로나19 속보

<저작권자 ⓒ '성공을 꿈꾸는 사람들의 경제 뉴스' 머니S, 무단전재 및 재배포 금지>"
(주)헬릭스미스,2020.04.01. 오전 10:16,"[특징주] 헬릭스미스, 당뇨병 치료제 후속임상 계획에 ‘강세’","/사진=헬릭스미스
헬릭스미스의 주가가 장 초반 강세다. 헬릭스미스가 당뇨병성 신경병증 치료제 '엔젠시스'의 후속 임상3상을 위한 절차를 시작했다는 소식의 영향으로 풀이된다.

1일 오전 10시12분 기준 헬릭스미스는 전일대비 8.44% 상승한 7만4400원 선에 거래되고 있다. 헬릭스미스의 최근 1주일간 외국인, 기관 매매내역을 살펴보면 외국인은 2만2320주를 순매수했으며 기관은 674주를 순매도 했다. 같은 기간 주가는 9.39% 상승했다.

지난달 31일 헬릭스미스는 미국 식품의약국(FDA)에 엔젠시스 당뇨병성 신경병증(DPN) 후속 임상 3상(3-2) 프로토콜을 제출했다고 밝혔다.

김선영 헬릭스미스 대표는 ""세계 최고 전문가들로 구성된 준비위원회와 국내외 스태프들의 노력으로 프로토콜을 작성했다""며 ""세계 유수의 CRO(임상시험수탁기관)인 PRA 이외에도 통증 임상을 전문으로 다루는 기업을 제2의 CRO로 뒀다""고 밝혔다.

진은혜 기자 verdad89@mt.co.kr

▶ 고수들의 재테크 비법 영상
▶ 이건희칼럼 ▶ 코로나19 속보

<저작권자 ⓒ '성공을 꿈꾸는 사람들의 경제 뉴스' 머니S, 무단전재 및 재배포 금지>"
(주)헬릭스미스,2020.03.05. 오후 3:57,"[특징주] 헬릭스미스, 블랙록 지분 매수 소식에 7.7% 상승","코로나19 수혜 기대 바이오주도 동반 강세

(서울=연합뉴스) 곽민서 기자 = 글로벌 투자자문사 블랙록이 지분을 늘렸다는 소식에 5일 헬릭스미스가 7% 넘게 상승 마감했다.

이날 헬릭스미스는 전 거래일보다 7.66% 오른 7만1천700원에 거래를 마쳤다.

이와 관련, 블랙록 펀드 어드바이저스(BlackRock Fund Advisors)는 지난달 28일 기준으로 보유 중인 헬릭스미스 주식 지분이 종전 4.89%에서 5.08%로 늘었다고 이날 공시했다.

블랙록 측은 단순투자 목적으로 주식을 장내 매수했다고 밝혔다.

헬릭스미스를 비롯해 코스피·코스닥의 주요 제약·바이오 종목으로 구성된 KRX 헬스케어 지수(3.05%)도 강세를 보였다.

KRX 헬스케어 지수는 지난 1월 말 이후 5.87% 상승해 같은 기간 코스피 수익률(-1.59%)을 크게 웃돌았다.

김태희 미래에셋대우 연구원은 ""바이오 섹터의 경우 코로나19가 미치는 부정적인 요인이 상대적으로 작으며, 코로나19의 확산은 오히려 치료제·백신 업체와 진단업체에 기회가 될 수 있다""고 평가했다.

mskwak@yna.co.kr

▶ 코로나19 속보 확인은 네이버 연합뉴스에서 [구독 클릭]
▶ 프리미엄 북한뉴스 [한반도&] 구독(클릭)▶제보하기"
(주)헬릭스미스,2020.03.25. 오전 10:04,"[특징주] 헬릭스미스, 임상3상 FDA 유효성 결과 보고 소식에 강세","헬릭스미스가 강세다. 임상3상과 관련해 미국 식품의약국(FDA)에 유효성 결과를 보고했다는 소식이 영향을 미치고 있는 것으로 풀이된다.

25일 오전 9시 59분 현재 헬릭스미스는 전일 대비 1600원(2.62%) 오른 6만2600원에 거래되고 있다.

이날 헬릭스미스는 홈페이지 주주레터를 통해 ""임상3상(3-1)에서 있었던 PK 이상 현상에 대한 조사가 끝났다""면서 ""이유를 명확히 알게 되었고, 지난주에 미국 FDA에 그 결과를 보고했다""고 말했다.

회사 측은 또 ""확대임상이었던 3-1B의 결과가 임상 2상 때와 매우 유사한 결과가 나옴에 따라 약물의 효과를 확인하는 기회가 됐다""면서 ""이에 따라 다음 임상 3상(3-2)을 준비를 거의 끝마쳤으며 샤르코마리투스병(CMT)에 대한 임상시험 프로토콜은 얼마 전 한국의 식품의약품안전처에 제출한 바 있고, 승인 즉시 공지할 예정""이라고 덧붙였다.

[디지털뉴스국 김경택 기자]

▶네이버 메인에서 '매일경제'를 받아보세요
▶뉴스레터 '매콤달콤' 구독 ▶'매일경제' 바로가기
[ⓒ 매일경제 & mk.co.kr, 무단전재 및 재배포 금지]"
(주)헬릭스미스,2020.02.14. 오후 4:16,"[특징주] 헬릭스미스 ""임상 3-1상 실패…약물혼용 없었다"" 발표에 약세","헬릭스미스[헬릭스미스 제공]


(서울=연합뉴스) 박진형 기자 = 신약 개발업체 헬릭스미스가 14일 신약 후보물질 '엔젠시스'(VM202-DPN)의 임상 3-1상에서 약물 혼용이 없었고 목표 달성에 실패했다는 발표에 급락했다.

이날 주식시장에서 헬릭스미스는 전날보다 12.14% 떨어진 6만9천500원에 마감했다.

앞서 헬릭스미스는 이날 당뇨병성 신경병증 치료제 후보물질 엔젠시스의 임상 3-1상에 대한 조사 결과 약물 혼용 가능성은 없었고 주 평가지표인 3개월에서 위약 대비 '통계적 유의미성'이 없어 목표 달성에 실패했다고 밝혔다.

다만, 임상 3-1B상에서 안전성·유효성이 확인돼 후속 임상 3-2상을 조만간 진행할 방침이라고 덧붙였다.

jhpark@yna.co.kr



▶네이버에서 [연합뉴스] 구독하세요(클릭)

▶프리미엄 북한뉴스, 한반도& 구독▶뭐 하고 놀까? #흥"
(주)헬릭스미스,2020.02.17. 오전 9:12,"[특징주] 헬릭스미스, 전장 급락 딛고 반등","[한국경제TV 신재근 기자]
헬릭스미스가 전장의 급락을 딛고 반등세다.

17일 오전 9시 7분 현재 헬릭스미스는 전 거래일 대비 1,700원(2.45%) 오른 7만1,200원에 거래되고 있다.

앞서 헬릭스미스는 지난 14일 당뇨병성 신경병증 치료제 '엔젠시스(VM202)'의 임상 과정에서 ""약물 혼용은 없었다""라고 발표했다.

그동안 헬릭스미스 측이 임상 3상 실패의 원인으로 '약물 혼용'을 지목했다는 점에서 투자심리가 악화되며 14일 주가가 12% 하락했다.

신재근기자 jkluv@wowtv.co.kr

▶ 네이버 홈에서 [한국경제TV] 채널 구독하기 [생방송보기]
▶ 대한민국 재테크 총집결! - [증권 / 주식상담 / 부동산]

ⓒ 한국경제TV, 무단 전재 및 재배포 금지"
(주)헬릭스미스,2020.02.14. 오전 9:59,"[특징주] 헬릭스미스, 지난해 영업손실 확대에 '약세'","헬릭스미스가 지난해 연결 기준 영업손실이 확대됐다는 소식에 약세다.

14일 오전 9시 56분 기준 헬릭스미스는 전 거래일 대비 -1.01%(800원) 내린 7만8300원에 거래 중이다.

지난 13일 헬릭스미스는 잠정공시를 통해 지난해 연결 기준 영업손실이 전년대비 80.4% 증가한 382억 5798만원을 기록했다고 밝혔다. 지난해 매출액은 44억 5452만원으로 전년에 비해 15.6% 감소했다. 당기순손실은 1272억8562만원으로 전년대비 317% 급증했다. 


손희연 기자 son90@mt.co.kr

▶ 영상으로 보는 고수들의 재테크 비법 ▶ 박학다식 '이건희칼럼'

<저작권자 ⓒ '성공을 꿈꾸는 사람들의 경제 뉴스' 머니S, 무단전재 및 재배포 금지>"
(주)헬릭스미스,2020.02.19. 오후 1:55,"[특징주]헬릭스미스, 불성실 공시 법인 지정 예고에 약세","[이데일리 박종오 기자] 신약 개발업체인 헬릭스미스(084990) 주가가 하락세를 보이고 있다. 최근 신약 후보 물질의 임상에서 실패한 데다 불성실 공시 법인 지정까지 예고된 여파로 풀이된다.

19일 마켓포인트에 따르면 이날 오후 1시 53분 현재 헬릭스미스 주가는 전 거래일 종가보다 7.38% 내린 6만1500원을 기록하고 있다. 이 회사 주가는 지난 10일(8만1100원)부터 8거래일 연속 하락세다.

지난 14일 이 회사는 지난해 미국에서 실시한 당뇨병성 신경병증(DPN) 유전자 치료제인 ‘엔젠시스(VM202-DPN)’의 임상 3상에서 실패했다고 밝힌 바 있다.

한국거래소 코스닥시장본부는 전날(18일) 헬릭스미스가 임상 실패 소식을 사유 발생일인 이달 14일이 아닌 17일에 지연 공시했다는 이유로 불성실 공시 법인 지정을 예고하고, 다음달 12일까지 지정 여부를 결정하겠다고 밝혔다.

박종오 (pjo22@edaily.co.kr)

네이버 홈에서 ‘이데일리’ 뉴스 [구독하기▶] , 청춘뉘우스~ [스냅타임▶]
이데일리 기자들의 비밀공간 [기자뉴스룸▶]


＜ⓒ종합 경제정보 미디어 이데일리 - 무단전재 & 재배포 금지＞"
(주)케어젠,2020.07.17. 오전 11:26,"[특징주] 케어젠, 코로나19 치료제 개발 소식에 16%↑","사진=케어젠

케어젠이 항바이러스 펜타이드에 기반한 신종 코로나바이러스 감염증(코로나19) 치료제 개발에 나선다는 소식에 주가 급등세다.

17일 오전 11시23분 기준 케어젠은 전 거래일보다 16.55%(9800원) 상승한 6만9000원에 거래되고 있다.

이날 케어젠은 ""정부출연 연구기관에 의뢰해 진행한 항바이러스 펩타이드의 코로나바이러스(SARS-CoV-2) 감염 억제 효과 시험 결과가 매우 긍정적으로 나왔다""며 ""이 실험에서 쓰인 펩타이드는 백신, 항체치료제와 유사한 기전으로 바이러스의 체내 세포 감염을 98%가량 억제한다""고 설명했다.

윤경진 기자 youn1@mt.co.kr

▶ 고수들의 재테크 비법 영상
▶거품 뺀 솔직 시승기 ▶ 코로나19 속보

<저작권자 ⓒ '성공을 꿈꾸는 사람들의 경제 뉴스' 머니S, 무단전재 및 재배포 금지>"
(주)유니테스트,2020.09.08. 오전 9:16,"[특징주] 유니테스트, 또 최고가… 태양광사업 기대감 계속되나","한전 전력연구원에서 개발한 유리창호형 태양전지. 한전은 유리창호형 태양전지 사업화를 위해 유니테스트와 MOU를 체결했다.©한전
전날 깜짝 상한가로 마감한 유니테스트가 8일에도 다시 급등하며 장을 시작했다.

유니테스트는 8일 오전 9시 11분 현재 전 거래일보다 14.01%(3250원) 오른 2만6600원에 거래되고 있다. 유니테스트는 이날도 장 시작과 동시에 최고가를 갈아치웠다. 장 시작 후 급등, 2만7200원까지 찍으며 최고가를 새롭게 달성했다.

유니테스트는 지난 3일 문재인 대통령이 ‘한국판 뉴딜정책’을 발표한 이후 투자자들로부터 관심을 받고 있다. 문 대통령이 민간금융에서 70조원을 한국판 뉴딜 프로젝트와 기업에 투입할 것이라고 밝힌 이후 그린뉴딜로 손꼽힌 태양광 테마주에 관심이 모아지면서 부터다.

유니테스트는 지난달 말 한국전력과 유리창호형 태양전지 사업화를 위한 기술협력 양해각서(MOU)를 체결한 상태다. 유리창호형 태양전지는 반투명하고 가벼워 건물 벽면이나 유리창 등 건물 외장에 부착이 가능한 태양전지다. 태양광을 설치할 땅이 부족하고 고층건물이 많은 국내에 적합한 친환경 발전기술이다.

이 태양전지를 20층 빌딩에 설치할 경우 200kW급 이상의 규모로 연간 210t의 이산화탄소 저감효과가 있는 것으로 알려졌다.

유니테스트는 반도체 디바이스 검사 장비 개발업체이지만 매출 구성은 반도체 검사장비(42.93%)보다 태양광 사업(56.36%)이 더 큰 것으로 나타났다.

송창범 기자 kja33@mt.co.kr

▶고수들의 재테크 비법 영상
▶거품 뺀 솔직 시승기 ▶머니S기사, 네이버 메인에서 보세요

<저작권자 ⓒ '성공을 꿈꾸는 사람들의 경제 뉴스' 머니S, 무단전재 및 재배포 금지>"
(주)유니테스트,2020.09.07. 오전 10:24,"[특징주]유니테스트, 페로브스카이트 태양전지 세계최고 수준…2023년 영업익 10배","[아시아경제 박형수 기자] 유니테스트가 강세다. 세계 최고 수준의 '페로브스카이트 태양전지' 기술력을 바탕으로 창문형 혹은 벽 부착형 태양광 사업을 추진 중이라는 소식이 주가에 영향을 준 것으로 보인다.

7일 오전 10시25분 유니테스트는 전 거래일 대비 25.49% 오른 2만2400원에 거래되고 있다. 장 중 2만3200원까지 오르며 사상 최고가를 경신했다.

한국전력은 지난달 유니테스트와 유리창호형 태양전지 사업화를 위한 기술협력 양해각서를 체결했다. 유리창호형 태양전지는 반투명하고 가벼워 건물 벽면이나 유리창 등 건물 외장에 부착이 가능한 태양전지다. 태양광을 설치할 땅이 부족하고 고층건물이 많은 국내에 적합한 친환경 발전기술이다.

대규모 기업형 태양광 발전과 달리 비용이 싸다는 게 최대 장점이다. 각 가정에서도 쉽게 발전할 수 있으며 전기요금 절감효과도 누릴 수 있다. 장점을 고려해 정부는 법제도 개선에 나서고 있으며, 업계는 창문형 혹은 벽 부착형 태양광 기술 개발에 속도를 내고 있다.

유니테스트는 지난해 11월 페로브스카이트 태양전지 모듈의 광전변환 효율을 14.8%까지 끌어올려 Sub-module(200~800cm²) 분야에서 세계 최고 효율을 미국 에너지부(DOE) 산하 국립재생에너지연구소로부터 인증을 받았다. 페로브스카이트 태양전지는 실리콘과는 달리 유연한 소재로 제조할 수 있기 때문에 곡면 등에 부착이 가능해 활용도가 높다. 반투명하므로 기존 실리콘태양전지 위에 적층해 효율을 크게 개선할 수 있다. 창호용으로 활용해 건물일체형 태양광발전(BIPV)은 물론 차량 일체형 발전(VIPV)도 가능하다. 유니퀘스트는 사업이 정상궤도에 들어서면 기존 태양전지 시장의 패러다임을 바꿀 수 있을 것으로 기대하고 있다.

전우제 흥국증권 연구원은 ""올해 초 파나소닉이 효율 16.1%를 기록해 순위가 엎어졌다""면서도 ""사업화에 필수적인 PSC 대면적 생산기술 1~2위를 다투는 상황""이라고 설명했다.

이어 ""PSC 셀은 실리콘 셀 대비 가격이 10~33% 수준이고 광전효율은 대등하다""며 ""유니테스트는 개별적으로 텐덤 태양전지상업화를 위해 연구 중""이라고 소개했다.

그는 ""유니테스트가 올해 매출액 1527억원, 영업이익 140억원을 달성하고 이익이 빠르게 늘어날 것""이라며 ""2023년에는 매출 6738억원 영업이익 1802억원을 달성할 것""이라고 추정했다.

전 연구원은 ""반도체 실적 회복과 PSC 매출이 새롭게 더해지기 때문""이라며 ""전 세계 PSC 시장에서 유니테스트가 점유율 2%를 기록한다는 가정""이라고 분석했다.

아울러 ""유니테스트는 사업화에 필수적인 PSC 대면적 생산기술을 보유한 데다 세계 1~2위를 다투는 기술 수준을 갖췄다""며 ""2023년 전 세계 PSC 모듈 시장은 14조7000억원까지 성장할 것""이라고 강조했다.

박형수 기자 Parkhs@asiae.co.kr

▶ 내 미래의 궁금증, 사주·운세로 점쳐보기
▶ 네이버에서 아시아경제 뉴스를 받아보세요
▶ 요즘 트렌드 모아보고 싶을 땐 '드링킷'

<ⓒ경제를 보는 눈, 세계를 보는 창 아시아경제 무단전재 배포금지>"
(주)유니테스트,2020.09.07. 오전 10:30,"[특징주] 유니테스트, 깜짝 상한가… 태양광 사업 효과?","한전 전력연구원에서 개발한 유리창호형 태양전지. 한전은 유리창호형 태양전지 사업화를 위해 유니테스트와 MOU를 체결했다.©한전


유니테스트 주가가 깜짝 상한가를 기록하며 최고가마저 갈아치웠다.

유니테스트는 7일 오전 10시 22분 현재 전 거래일보다 28.57%(5100원) 오른 2만2900원에 거래되고 있다. 유니테스트는 장중 상한가 2만3200원까지 찍었다.

갑자기 네이버 실시간 검색어에 등장하며 주가를 끌어올린 유니테스트는 반도체 디바이스 검사 장비 개발업체로 알려져 있다. 메모리 모듈 테스터 및 메모리 컴포넌트 테스터를 국내 업계 최초로 개발 완료해 반도체 장비의 국산화를 주도하고 있는 기업이다.

하지만 매출 구성은 반도체 검사장비(42.93%)보다 태양광 사업(56.36%)이 더 큰 것으로 나타났다.

유니테스트는 지난달 말 한국전력과 유리창호형 태양전지 사업화를 위한 기술협력 양해각서(MOU)를 체결하며 관심을 모았다. 이 태양전지를 20층 빌딩에 설치할 경우 200kW급 이상의 규모로 연간 210t의 이산화탄소 저감효과가 있는 것으로 알려졌다.

송창범 기자 kja33@mt.co.kr

▶고수들의 재테크 비법 영상
▶거품 뺀 솔직 시승기 ▶머니S기사, 네이버 메인에서 보세요

<저작권자 ⓒ '성공을 꿈꾸는 사람들의 경제 뉴스' 머니S, 무단전재 및 재배포 금지>"
(주)유니테스트,2020.04.24. 오전 10:58,"인텔, 실적 가이던스 하향…반도체 관련주 약세","[한국경제TV 신재근 기자]


인텔이 올해 연간 실적 가이던스를 제시하지 않겠다고 밝힌 가운데 2분기 실적 가이던스를 낮춰잡았다는 소식에 반도체 하반기 업황에 대한 불확실성이 가중되고 있다.

반도체 관련주의 주가도 조정 중이다. 24일 오전 10시 38분 현재 삼성전자는 전 거래일 대비 450원(-0.80%) 내린 4만9,400원에 거래되고 있다. 같은 시각 SK하이닉스(-1.21%)는 물론 반도체 장비주인 유니테스트(-2.43%), 솔브레인(-1.74%), 후성(-1.48%) 등도 조정 국면에 있다.

증권업계에선 하반기 반도체 업황이 불확실한 국면에 있기 때문에 투자자들이 방망이를 짧게 가져가는 선택을 하고 있다고 분석한다. 주가가 내릴 때는 매수하고 오르면 파는 식으로 단기적인 대응을 하고 있다는 것이다.

이은택 KB증권 연구원은 ""4월에는 반도체 수요가 주춤할 것을 예상할 수 있다""며 ""셧다운 본격화로 신규 주문이 급감하는 시기이고 앞으로 이런 현상은 좀 더 이어질 수 있다""라고 말했다.

신재근기자 jkluv@wowtv.co.kr

▶ 네이버 홈에서 [한국경제TV] 채널 구독하기 [생방송보기]
▶ 대한민국 재테크 총집결! - [증권 / 주식상담 / 부동산]

ⓒ 한국경제TV, 무단 전재 및 재배포 금지"
(주)네패스아크,2020.12.01. 오전 9:38,"[특징주]네패스아크, 신규 테스트 설비 투자에 ‘강세’","[이데일리 유준하 기자] 네패스아크(330860)가 140억원 규모 팬아웃 패널 레벨패키지(FOPLP) 테스트 설비 신규 투자를 결정했다는 소식에 ‘강세’다.

1일 마켓포인트에 따르면 오전 9시34분 기준 네패스아크 주가는 전 거래일 대비 3.73%(1450원) 오른 4만350원을 기록 중이다.

회사는 지난 30일 140억원 규모 FOPLP Test 설비 신규 투자를 결정했다고 공시했다. 이는 자기자본대비 15.24% 규모이며 투자기간은 다음달 1일부터 내년 6월 30일까지다.

유준하 (xylitol@edaily.co.kr)

▶ #24시간 빠른 #미리보는 뉴스 #eNews+
▶ 네이버에서 '이데일리 뉴스'를 만나보세요
▶ 빡침해소, 청춘뉘우스 '스냅타임'


＜ⓒ종합 경제정보 미디어 이데일리 - 무단전재 & 재배포 금지＞"
(주)네패스아크,2020.11.17. 오전 9:26,[특징주] 네패스아크 상장 첫날 상승세,"한 때 시초가 대비 20% 이상 상승
이창우 네패스아크 대표. /사진제공=네패스아크

[서울경제] 시스템 반도체 테스트 전문기업 네패스(033640)아크가 코스닥시장 상장 첫날인 17일 장 초반 상승세다.

이날 오전 9시 20분 기준 네패스아크는 시초가 대비 23.89% 오른 4만 4,850원에 거래됐다. 시초가는 3만6,200원으로 공모가(2만6,500원)보다 약 36.6% 높은 수준에서 결정됐다.

네패스아크는 지난 2~3일 기관투자자를 대상으로 수요 예측을 진행한 결과 경쟁률 707.68대 1을 기록, 공모가는 희망범위(2만3,400~2만6,500원) 최상단인 2만 6,500원으로 확정했다. 이어 지난 9~10일 양일간 실시된 공모주 청약 결과 최종 경쟁률이 830.21대 1로 집계됐다고 밝혔다. 증거금은 총 5조1,490억원을 기록했다.

네패스아크는 지난해 네패스의 반도체 사업부 내 테스트 사업부문을 물적분할해 설립된 기업이다. /박경훈기자 socool@sedaily.com

▶ '3분'만 투자하세요 [김영필의 월스트리트]
▶ 커피처럼 즐기는 기업 이야기 [비즈카페]
▶ 네이버 채널에서 '서울경제' 구독해주세요!


저작권자 ⓒ 서울경제, 무단 전재 및 재배포 금지"
(주)네패스아크,2020.11.15. 오전 6:06,다음주 네패스아크·고바이오랩·티앤엘 코스닥 상장,"하나기술·제일전기 공모 청약
[서울=뉴시스] 유자비 기자 = 다가오는 주 네패스아크, 고바이오랩, 티앤엘이 코스닥 시장에 상장한다. 이외에 코스닥 상장 예정인 하나기술, 제일전기공업의 공모 청약이 예정돼 있다.

15일 금융투자업계에 따르면 시스템 반도체 후공정 업체 네패스아크는 오는 17일 코스닥 시장에 상장할 예정이다. 네패스아크는 지난 9~10일 진행된 일반투자자 공모 청약에서 경쟁률 830.21대1을 기록했다. 공모가는 2만6500원이다.

마이크로바이옴 신약 개발 회사 고바이오랩의 코스닥 시장 상장일은 18일이다. 앞서 고바이오랩은 기관투자자 대상 수요예측에서 공모가를 1만5000원으로 확정했디. 19~20일 진행된 일반투자자 대상 공모 청약에서 경쟁률은 547대1을 기록했다.

오는 20일에는 고기능성 의료용 소재 전문기업 티앤엘의 코스닥 상장이 예정돼 있다. 티앤엘은 기관투자자를 대상으로 수요예측을 진행한 결과 3만6000원에 공모가를 확정했다.

코스닥 시장 상장을 추진 중인 2차전지 양산 장비 전문 기업 하나기술은 지난 13일에 이어 16일 일반투자자 청약을 진행한다. 역시 코스닥 상장 예정인 배선기구 제조업체 제일전기공업은 17~18일 일반투자자 청약에 나선다. 하나기술과 제일전기공업은 각각 25일, 26일 상장 예정이다.

☞공감언론 뉴시스 jabiu@newsis.com

▶ 네이버에서 뉴시스 구독하기
▶ K-Artpark, 미술품 구매의 즐거운 시작
▶ 뉴시스 빅데이터 MSI 주가시세표 바로가기

<ⓒ 공감언론 뉴시스통신사. 무단전재-재배포 금지>"
(주)네패스아크,2020.02.20. 오후 4:01,"산은, 설비투자붐업 첫 대출 실시","[서울경제] KDB산업은행이 ‘설비투자 붐업’프로그램으로 국내 시스템반도체 후공정 기업 (주)네패스아크에 처음으로 150억원을 초저금리로 대출해줬다고 20일 밝혔다.

프로그램은 정부가 2020년 경제정책방향에서 발표한 것으로 중소·중견기업의 신규 설비투자를 촉진하기 위한 것이다. 기존 대출상품보다 금리가 1~1.8%포인트 낮은 연 1.5%로 대출을 해준다. 네패스아크는 시스템 반도체 테스트 수요에 대응하기 위해 설비를 확장해 왔으며 이번 대출로 더 활발한 투자가 가능할 것으로 산은은 기대했다.

산은의 한 관계자는 “이번 건 외에도 다수의 기업들이 상품에 관심을 갖고 상담을 진행 중”이라며 “7~8개 기업에 대해 지원을 검토하고 있어 앞으로 지원 규모는 계속 늘어날 것”이라고 강조했다. 또 “이번 프로그램으로 일본 수출 규제 이후 국가적인 과제로 진행 중인 소재·부품·장비 산업의 경쟁력 강화 뿐만 아니라 기업 설비투자 확대를 통한 경제 활성화에 기여할 것”이라고 덧붙였다.

산은은 총 2원 규모의 프로그램을 가동 중이며 업체당 최대 1,000억원까지 저리대출을 해준다. 공장부지 등을 구매하거나 분양 받은 기업의 시설투자, 해외 시설의 국내 이전에 따른 시설투자, 소재부품장비 사업에 대한 시설투자 등이 지원 대상이다.

/이태규기자 classic@sedaily.com

[서울경제 바로가기]
▶ '한 눈에 쏙' 새로워진 서울경제 모바일 페이지를 만나보세요. GO~
▶ 네이버 채널에서 '서울경제' 채널 구독해주세요!


저작권자 ⓒ 서울경제, 무단 전재 및 재배포 금지"
(주)네패스아크,2020.11.17. 오전 9:22,"[특징주] 네패스아크, 코스닥 입성 첫날 급등","[한국경제TV 이민재 기자]
네패스아크가 코스닥 입성 첫날 급등세다.

17일 오전 9시 17분 현재 네패스아크는 시초가 대비 7,800원(21.55%) 오른 4만4,000원에 거래되고 있다. 공모가인 2만 6,500원과 비교하면 40% 가량 오른 셈이다.

네패스아크는 지난해 설립된 시스템 반도체 테스트 전문기업으로 지난해 매출액은 547억원, 세전순이익은 65억원을 기록했다.

이민재기자 tobemj@wowtv.co.kr

▶ 네이버 홈에서 [한국경제TV] 채널 구독하기 [생방송보기]
▶ 대한민국 재테크 총집결! - [증권 / 주식상담 / 부동산]

ⓒ 한국경제TV, 무단 전재 및 재배포 금지"
(주)네패스아크,2020.11.17. 오전 9:08,"[특징주] 네패스아크, 코스닥 상장 첫날 급등","네패스아크가 코스닥 상장 첫날 급등세다.

17일 오전 9시 5분 현재 네패스아크는 시초가 대비 6950원(19.20%) 오른 4만3150원에 거래되고 있다. 이는 공모가 2만6500원을 크게 웃도는 수준이다.

네패스아크는 2019년 설립된 시스템 반도체 테스트 전문기업이다. 지난해 매출액은 547억원, 세전순이익은 65억원이었다.

[김경택 기자 kissmaycry@mkinternet.com]

▶ 네이버 메인에서 '매일경제'를 받아보세요
▶ 궁금한 제조과정 영상으로 보세요. '이렇게 만들죠'
▶ 매일매일 색다른 뉴스레터 '매콤달콤' 구독하세요

[ⓒ 매일경제 & mk.co.kr, 무단전재 및 재배포 금지]"
(주)네패스아크,2020.11.17. 오전 9:05,"네패스아크, 상장 첫 날 급등","[머니투데이 김도윤 기자] [[특징주]]

네패스아크가 신규 상장 첫 날 급등하고 있다.

17일 코스닥 시장에 상장한 네패스아크는 시초가를 공모가(2만6500원)보다 9700원(36.6%) 높은 3만6200원에 형성했다. 신규 상장 기업의 시초가는 공모가의 90~200% 사이에서 정해진다.

개장과 동시에 상승 탄력이 붙었다. 이날 오전 9시4분 현재 시초가 대비 7500원(20.72%) 오른 4만3700원에 거래 중이다.

네패스아크는 시스템 반도체 후공정 테스트 회사다.

지난 2일~3일 기관투자자 대상으로 진행한 수요예측에서 경쟁률 707.68대 1을 기록했다. 이를 바탕으로 공모가를 2만6500원으로 정했다. 앞서 네패스아크가 제시한 희망공모가밴드는 2만3400~2만6500원이다.

이어 지난 9~10일 일반투자자 대상으로 진행한 청약에선 경쟁률 830.21대 1을 기록했다.

김도윤 기자 justice@

▶부동산 투자는 [부릿지]
▶조 변호사의 가정상담소
▶줄리아 투자노트

<저작권자 ⓒ '돈이 보이는 리얼타임 뉴스' 머니투데이, 무단전재 및 재배포 금지>"
